"From DT,KNN"
0.5608093591664922,-0.09527467306315018,GNB
0.5608093591664922,-0.09527467306315018,GNB
0.5608093591664922,-0.09527467306315018,GNB
0.5608093591664922,-0.09527467306315018,GNB
0.5608093591664922,-0.1105115814449843,RF
0.5608093591664922,-0.09527467306315018,GNB
0.5608093591664922,-0.12171261156808011,RF
0.5608093591664922,-0.09527467306315018,GNB
0.5608093591664922,-0.09527467306315018,GNB
0.5608093591664922,-0.09527467306315018,GNB
0.5608093591664922,0.08515473351988456,RF
0.5608093591664922,-0.09527467306315018,GNB
0.5608093591664922,-0.09527467306315018,GNB
0.5608093591664922,-0.09527467306315018,GNB
0.5608093591664922,-0.09527467306315018,GNB
0.5608093591664922,0.1201811600860978,GNB
0.5608093591664922,-0.09527467306315018,GNB
0.5608093591664922,-0.09527467306315018,GNB
0.5608093591664922,-0.12384392251289444,RF
0.5608093591664922,-0.11382674119393443,RF
0.5608093591664922,-0.1259081100378191,RF
0.5608093591664922,-0.09527467306315018,GNB
0.5608093591664922,-0.09527467306315018,GNB
0.5608093591664922,-0.11714126620066767,RF
0.5608093591664922,-0.09527467306315018,GNB
0.5608093591664922,-0.10539905611206113,RF
0.5608093591664922,-0.09527467306315018,GNB
0.5608093591664922,-0.12344057425496952,RF
0.5608093591664922,-0.10613516569657289,RF
0.5608093591664922,-0.09527467306315018,GNB
0.5608093591664922,-0.10415031622229964,RF
0.5608093591664922,-0.10352709995593568,RF
0.5608093591664922,-0.09527467306315018,GNB
0.5608093591664922,-0.12705191280106504,RF
0.5608093591664922,-0.058697012566986784,RF
0.5608093591664922,-0.09527467306315018,GNB
0.5608093591664922,-0.06257625944636208,RF
0.5608093591664922,-0.09527467306315018,GNB
0.5608093591664922,-0.09527467306315018,GNB
0.5608093591664922,-0.10460827340940948,RF
0.5608093591664922,-0.09527467306315018,GNB
0.5608093591664922,-0.09527467306315018,GNB
0.5608093591664922,-0.09527467306315018,GNB
0.5608093591664922,-0.09527467306315018,GNB
0.5608093591664922,-0.09527467306315018,GNB
0.5608093591664922,-0.11169260062061487,RF
0.5608093591664922,-0.09527467306315018,GNB
0.5608093591664922,-0.09652490769791733,RF
0.5608093591664922,-0.09527467306315018,GNB
0.5608093591664922,-0.09855560074974501,RF
0.5608093591664922,-0.10247478578902947,RF
0.6448026251756206,-0.1124522147213669,GNB
0.6448026251756206,-0.1124522147213669,GNB
0.6448026251756206,-0.1124522147213669,GNB
0.6448026251756206,-0.1124522147213669,GNB
0.6448026251756206,-0.1124522147213669,GNB
0.6448026251756206,-0.1124522147213669,GNB
0.6448026251756206,-0.1124522147213669,GNB
0.6448026251756206,-0.1124522147213669,GNB
0.6448026251756206,-0.1124522147213669,GNB
0.6448026251756206,-0.11290728492883328,RF
0.6448026251756206,-0.1124522147213669,GNB
0.6448026251756206,-0.1124522147213669,GNB
0.6448026251756206,-0.1124522147213669,GNB
0.6448026251756206,-0.1124522147213669,GNB
0.6448026251756206,-0.1124522147213669,GNB
0.6448026251756206,-0.1124522147213669,GNB
0.6448026251756206,-0.1124522147213669,GNB
0.6448026251756206,-0.1124522147213669,GNB
0.6448026251756206,-0.11873508342378725,RF
0.6448026251756206,-0.11968233714845133,RF
0.6448026251756206,-0.12242590780521356,RF
0.6448026251756206,-0.1124522147213669,GNB
0.6448026251756206,-0.1124522147213669,GNB
0.6938764337339752,0.1178473239075104,RF
0.6938764337339752,0.21063960253519298,RF
0.6938764337339752,-0.08776292764938776,RF
0.6938764337339752,-0.07680384048489186,RF
0.6938764337339752,-0.035675601981097205,GNB
0.6938764337339752,-0.11864276818783637,RF
0.6938764337339752,-0.10982455984147743,RF
0.6938764337339752,-0.09868581226867867,RF
0.6938764337339752,-0.11578096586686093,RF
0.6938764337339752,-0.12170367755881051,RF
0.6938764337339752,-0.10169599126503004,RF
0.6938764337339752,-0.10171825413584168,RF
0.6938764337339752,-0.13757704939738236,RF
0.6938764337339752,-0.12572038730562385,RF
0.6938764337339752,-0.12089722076869058,RF
0.6938764337339752,-0.1046202731638528,RF
0.6938764337339752,-0.09783016427218716,RF
0.6938764337339752,-0.09165343100932966,RF
0.6938764337339752,-0.11568217526327174,RF
0.6938764337339752,-0.1279247883391884,RF
0.6938764337339752,-0.06987790476752431,RF
0.6938764337339752,-0.10337127742135499,RF
0.6938764337339752,-0.108194781810382,RF
0.6938764337339752,-0.08302288589925333,RF
0.6938764337339752,-0.07059859595453954,RF
0.6938764337339752,-0.04156087565514144,RF
0.6938764337339752,-0.09190197138035627,RF
0.6938764337339752,-0.11825001445527428,RF
0.6938764337339752,-0.10673110496025262,RF
0.6938764337339752,-0.10055850438375868,RF
0.6938764337339752,-0.1100240189645546,RF
0.6938764337339752,-0.1099408796250606,RF
0.6938764337339752,0.08460439978400369,RF
0.6938764337339752,0.25261472502826166,GNB
0.6938764337339752,-0.035675601981097205,GNB
0.6938764337339752,-0.035675601981097205,GNB
0.6938764337339752,-0.001957298667860208,RF
0.6938764337339752,-0.035675601981097205,GNB
0.6938764337339752,-0.05696920580569509,RF
0.6938764337339752,-0.035675601981097205,GNB
0.6938764337339752,-0.035675601981097205,GNB
0.6938764337339752,-0.035675601981097205,GNB
0.6938764337339752,-0.035675601981097205,GNB
0.6938764337339752,0.02879225953800446,RF
0.6938764337339752,-0.056801700065650995,RF
0.6938764337339752,-0.035675601981097205,GNB
0.6938764337339752,-0.035675601981097205,GNB
0.6938764337339752,-0.035675601981097205,GNB
0.6938764337339752,-0.035675601981097205,GNB
0.6938764337339752,-0.035675601981097205,GNB
0.6938764337339752,-0.035675601981097205,GNB
0.6938764337339752,-0.035675601981097205,GNB
0.6938764337339752,-0.035675601981097205,GNB
0.6938764337339752,-0.035675601981097205,GNB
0.6938764337339752,0.10068408070973767,RF
0.6938764337339752,0.0918491792968299,RF
0.6938764337339752,0.115051296924639,RF
0.6938764337339752,-0.035675601981097205,GNB
0.6938764337339752,-0.035675601981097205,GNB
0.6938764337339752,-0.07470516502776359,RF
0.6938764337339752,-0.0599500426815367,RF
0.6938764337339752,0.2715764927560713,RF
0.6938764337339752,-0.035675601981097205,GNB
0.6938764337339752,-0.035675601981097205,GNB
0.6938764337339752,-0.035675601981097205,GNB
0.6938764337339752,-0.035675601981097205,GNB
0.6938764337339752,-0.035675601981097205,GNB
0.6938764337339752,-0.035675601981097205,GNB
0.6938764337339752,-0.035675601981097205,GNB
0.6938764337339752,-0.035675601981097205,GNB
0.6938764337339752,-0.035675601981097205,GNB
0.6938764337339752,-0.03881310845931352,RF
0.6938764337339752,-0.035675601981097205,GNB
0.6938764337339752,-0.035675601981097205,GNB
0.6938764337339752,-0.035675601981097205,GNB
0.6938764337339752,0.15704795071760425,RF
0.6938764337339752,-0.035675601981097205,GNB
0.6938764337339752,-0.035675601981097205,GNB
0.6938764337339752,-0.035675601981097205,GNB
0.6938764337339752,-0.035675601981097205,GNB
0.6938764337339752,-0.035675601981097205,GNB
0.6938764337339752,-0.013840967080681055,RF
0.6938764337339752,-0.035675601981097205,GNB
0.6938764337339752,-0.010331205814157585,RF
0.6938764337339752,0.055933968078349605,RF
0.6938764337339752,0.21878502607999561,RF
0.6938764337339752,-0.035675601981097205,GNB
0.6938764337339752,-0.035675601981097205,GNB
0.6938764337339752,-0.10376422411528363,RF
0.6938764337339752,-0.11218921763102663,RF
0.6938764337339752,-0.062511013714875,RF
0.6938764337339752,-0.035675601981097205,GNB
0.6938764337339752,0.2164384820145956,RF
0.6938764337339752,-0.035675601981097205,GNB
0.729707935631356,-0.1264825678747845,GNB
0.729707935631356,-0.1264825678747845,GNB
0.729707935631356,-0.1264825678747845,GNB
0.729707935631356,-0.1264825678747845,GNB
0.729707935631356,-0.1264825678747845,GNB
0.729707935631356,-0.1264825678747845,GNB
0.729707935631356,-0.1480212780911374,RF
0.729707935631356,-0.14576697674771144,RF
0.729707935631356,-0.1264825678747845,GNB
0.729707935631356,-0.12859420468647587,RF
0.729707935631356,-0.1264825678747845,GNB
0.729707935631356,-0.1264825678747845,GNB
0.729707935631356,-0.1264825678747845,GNB
0.729707935631356,-0.14160426084091848,RF
0.729707935631356,-0.1264825678747845,GNB
0.729707935631356,-0.07757922516197169,RF
0.7370877056039805,-0.1290793658977013,RF
0.7370877056039805,-0.12750322971384376,GNB
0.7370877056039805,-0.12750322971384376,GNB
0.7370877056039805,-0.12750322971384376,GNB
0.7370877056039805,-0.12750322971384376,GNB
0.7370877056039805,-0.1421833933944734,RF
0.7370877056039805,-0.12750322971384376,GNB
0.7370877056039805,-0.12750322971384376,GNB
0.7370877056039805,-0.12750322971384376,GNB
0.7370877056039805,-0.12750322971384376,GNB
0.7370877056039805,-0.12750322971384376,GNB
0.7501204771236929,-0.12921405631138438,GNB
0.7501204771236929,-0.12921405631138438,GNB
0.7501204771236929,-0.12921405631138438,GNB
0.7501204771236929,-0.12921405631138438,GNB
0.7501204771236929,-0.12921405631138438,GNB
0.7501204771236929,0.038159524456947036,GNB
0.7501204771236929,0.038159524456947036,GNB
0.7501204771236929,-0.12921405631138438,GNB
0.7501204771236929,-0.12921405631138438,GNB
0.7501204771236929,-0.12921405631138438,GNB
0.7501204771236929,0.07685980847339413,GNB
0.7501204771236929,0.038159524456947036,GNB
0.7501204771236929,-0.12921405631138438,GNB
0.7501204771236929,-0.12921405631138438,GNB
0.7501204771236929,-0.14067963130408778,RF
0.7501204771236929,-0.12921405631138438,GNB
0.7501204771236929,-0.14978330326911649,RF
0.7501204771236929,-0.15309037148681326,RF
0.7501204771236929,-0.12921405631138438,GNB
0.7501204771236929,-0.12921405631138438,GNB
0.7501204771236929,-0.14341895259146598,RF
0.7501204771236929,-0.03132444423880565,RF
0.7501204771236929,-0.1466155698514463,RF
0.7594284960446979,-0.0947878070212983,RF
0.7594284960446979,-0.12939511809899062,RF
0.7594284960446979,-0.053070237281360955,GNB
0.7594284960446979,-0.03800497187331564,RF
0.7594284960446979,-0.12577890587961793,RF
0.7594284960446979,-0.053070237281360955,GNB
0.7594284960446979,-0.053070237281360955,GNB
0.7594284960446979,-0.053070237281360955,GNB
0.7594284960446979,-0.053070237281360955,GNB
0.7594284960446979,-0.0600452707076643,RF
0.7594284960446979,0.056137394753996595,RF
0.7594284960446979,-0.053070237281360955,GNB
0.7594284960446979,-0.053070237281360955,GNB
0.7594284960446979,-0.053070237281360955,GNB
0.7902206908076943,-0.13365237502320626,GNB
0.7902206908076943,-0.13365237502320626,GNB
0.7902206908076943,-0.13365237502320626,GNB
0.7902206908076943,-0.13365237502320626,GNB
0.7902206908076943,-0.13365237502320626,GNB
0.7902206908076943,0.022655104439389895,GNB
0.7902206908076943,-0.13365237502320626,GNB
0.7902206908076943,-0.13365237502320626,GNB
0.7902206908076943,-0.13365237502320626,GNB
0.7902206908076943,0.14968808629429642,GNB
0.7902206908076943,-0.13365237502320626,GNB
0.7902206908076943,-0.13365237502320626,GNB
0.796549855066906,-0.13422412632167513,GNB
0.796549855066906,-0.13422412632167513,GNB
0.796549855066906,-0.13422412632167513,GNB
0.796549855066906,-0.13422412632167513,GNB
0.796549855066906,-0.13422412632167513,GNB
0.796549855066906,-0.13422412632167513,GNB
0.796549855066906,0.020284641932918457,GNB
0.796549855066906,-0.13422412632167513,GNB
0.796549855066906,-0.13422412632167513,GNB
0.796549855066906,-0.13422412632167513,GNB
0.796549855066906,-0.13422412632167513,GNB
0.796549855066906,-0.13422412632167513,GNB
0.796549855066906,-0.062272293542345425,RF
0.8077135741083441,-0.13513530920692307,GNB
0.8077135741083441,-0.047504852610931625,RF
0.8077135741083441,-0.13513530920692307,GNB
0.8077135741083441,0.016159592067726214,GNB
0.8077135741083441,-0.13513530920692307,GNB
0.8077135741083441,0.016159592067726214,GNB
0.8077135741083441,0.016159592067726214,GNB
0.8077135741083441,-0.13513530920692307,GNB
0.8077135741083441,-0.13513530920692307,GNB
0.8077135741083441,0.05064037542406641,RF
0.8077135741083441,-0.13513530920692307,GNB
0.8077135741083441,-0.1270028339882634,RF
0.8077135741083441,-0.10779225413213378,RF
0.8253704753098179,0.14749214351550055,RF
0.8253704753098179,0.15274470733534096,GNB
0.8253704753098179,0.14520613809760663,RF
0.8253704753098179,-0.06762409066978892,GNB
0.8253704753098179,-0.03335255577299567,RF
0.8253704753098179,-0.10329605922608431,RF
0.8253704753098179,-0.07995054515283273,RF
0.8253704753098179,-0.05568660193465358,RF
0.8253704753098179,-0.10066466642855776,RF
0.8253704753098179,-0.06762409066978892,GNB
0.8253704753098179,-0.11065004679933743,RF
0.8253704753098179,-0.06762409066978892,GNB
0.8253704753098179,-0.06762409066978892,GNB
0.8253704753098179,-0.06762409066978892,GNB
0.8253704753098179,-0.11569995413417011,RF
0.8253704753098179,-0.10976909899799736,RF
0.8253704753098179,-0.08766715986572948,RF
0.8253704753098179,-0.12995659082865307,RF
0.8253704753098179,-0.05018656901656682,RF
0.8253704753098179,-0.042967102633286514,RF
0.8253704753098179,-0.06762409066978892,GNB
0.8253704753098179,-0.10192281346879772,RF
0.8253704753098179,-0.06762409066978892,GNB
0.8253704753098179,-0.06762409066978892,GNB
0.8253704753098179,-0.06762409066978892,GNB
0.8253704753098179,-0.06762409066978892,GNB
0.8253704753098179,-0.06762409066978892,GNB
0.8253704753098179,-0.07662861065923976,RF
0.8253704753098179,-0.07694638064969883,RF
0.8253704753098179,-0.06762409066978892,GNB
0.8253704753098179,-0.06762409066978892,GNB
0.8253704753098179,0.12155098722178193,RF
0.8253704753098179,-0.06762409066978892,GNB
0.8253704753098179,-0.06762409066978892,GNB
0.8253704753098179,-0.06762409066978892,GNB
0.8253704753098179,-0.0027028864194749147,RF
0.8253704753098179,0.05506895665353628,RF
0.8253704753098179,-0.06762409066978892,GNB
0.8253704753098179,-0.06762409066978892,GNB
0.8253704753098179,-0.06762409066978892,GNB
0.8253704753098179,-0.06762409066978892,GNB
0.8253704753098179,-0.06762409066978892,GNB
0.8253704753098179,-0.06762409066978892,GNB
0.8253704753098179,-0.06762409066978892,GNB
0.8253704753098179,-0.06762409066978892,GNB
0.8253704753098179,-0.06762409066978892,GNB
0.8253704753098179,-0.06762409066978892,GNB
0.8253704753098179,-0.06762409066978892,GNB
0.8253704753098179,-0.06762409066978892,GNB
0.8253704753098179,-0.06762409066978892,GNB
0.8253704753098179,-0.07517149087956265,RF
0.8253704753098179,-0.06762409066978892,GNB
0.8253704753098179,-0.06762409066978892,GNB
0.8253704753098179,-0.06762409066978892,GNB
0.8253704753098179,-0.06762409066978892,GNB
0.8253704753098179,-0.06762409066978892,GNB
0.8253704753098179,-0.06762409066978892,GNB
0.8253704753098179,-0.06762409066978892,GNB
0.8253704753098179,-0.06762409066978892,GNB
0.8253704753098179,-0.12781239021058266,RF
0.8253704753098179,-0.026019340810643055,RF
0.8310589759600232,0.14213318067252512,RF
0.8310589759600232,0.14731624357837492,RF
0.8310589759600232,-0.0836352077682696,RF
0.8310589759600232,-0.08680975809179159,RF
0.8310589759600232,-0.09241979570700365,RF
0.8310589759600232,-0.10966775432438902,RF
0.8310589759600232,-0.1095137235010093,RF
0.8310589759600232,-0.14310356107776612,RF
0.8310589759600232,-0.14150465031351767,RF
0.8310589759600232,-0.13614311476194607,RF
0.8310589759600232,-0.10185568922793142,RF
0.8310589759600232,-0.13664323682989787,RF
0.8310589759600232,-0.13538283270528828,RF
0.8310589759600232,-0.14435014577590233,RF
0.8310589759600232,-0.1458349966895982,RF
0.8310589759600232,-0.14260028971544003,RF
0.8310589759600232,-0.1413537710469609,RF
0.8310589759600232,-0.09730879798378844,RF
0.8310589759600232,-0.14366708159738673,RF
0.8310589759600232,-0.06869993692754706,GNB
0.8310589759600232,-0.06869993692754706,GNB
0.8310589759600232,0.010089006349552787,RF
0.8310589759600232,-0.11887309739312768,RF
0.8310589759600232,-0.08794410939659303,RF
0.8310589759600232,-0.09297162530852054,RF
0.8310589759600232,-0.04117660608895768,RF
0.8310589759600232,-0.01100575794824088,RF
0.8310589759600232,-0.07652201294838357,RF
0.8310589759600232,-0.11666243255522468,RF
0.8310589759600232,-0.06869993692754706,GNB
0.8310589759600232,-0.06869993692754706,GNB
0.8310589759600232,-0.09012306807366322,RF
0.8310589759600232,-0.06869993692754706,GNB
0.8310589759600232,-0.08487223457128368,RF
0.8310589759600232,-0.123358775497029,RF
0.8310589759600232,-0.06869993692754706,GNB
0.8310589759600232,-0.004287261646652607,RF
0.8310589759600232,-0.011398331893677782,RF
0.8310589759600232,-0.06869993692754706,GNB
0.8310589759600232,0.013796094945940918,RF
0.8310589759600232,0.14147785732348006,RF
0.8310589759600232,0.15557281792227284,RF
0.8310589759600232,-0.06869993692754706,GNB
0.8310589759600232,0.035539210104964636,RF
0.8310589759600232,-0.06869993692754706,GNB
0.8310589759600232,-0.06869993692754706,GNB
0.8310589759600232,-0.06869993692754706,GNB
0.8310589759600232,-0.06869993692754706,GNB
0.8310589759600232,-0.06869993692754706,GNB
0.8310589759600232,0.09335689373063227,RF
0.8310589759600232,-0.06869993692754706,GNB
0.8310589759600232,-0.07218101425561307,RF
0.8310589759600232,-0.07298241324858357,RF
0.8310589759600232,-0.06869993692754706,GNB
0.8310589759600232,-0.06869993692754706,GNB
0.8310589759600232,-0.06869993692754706,GNB
0.8310589759600232,-0.004597424929730143,RF
0.8310589759600232,-0.06869993692754706,GNB
0.8310589759600232,-0.06869993692754706,GNB
0.8310589759600232,-0.06869993692754706,GNB
0.8310589759600232,-0.10394919817693993,RF
0.8310589759600232,-0.06869993692754706,GNB
0.8310589759600232,-0.06869993692754706,GNB
0.8410796556936007,-0.07051093069280223,GNB
0.8410796556936007,-0.0810341938166611,RF
0.8410796556936007,-0.07051093069280223,GNB
0.8410796556936007,-0.07587266134155746,RF
0.8410796556936007,-0.09963556095638615,RF
0.8410796556936007,-0.10116382448201766,RF
0.8410796556936007,0.07533226183610431,GNB
0.8410796556936007,-0.136795075332397,RF
0.8410796556936007,-0.08932459356758138,RF
0.8410796556936007,-0.08260258091469486,RF
0.8410796556936007,0.03244690807209216,RF
0.8410796556936007,0.11255050838544434,RF
0.8410796556936007,0.02591195580166772,RF
0.8410796556936007,-0.07051093069280223,GNB
0.8410796556936007,-0.07051093069280223,GNB
0.8560011720881929,-0.13736737046620162,GNB
0.8560011720881929,-0.13736737046620162,GNB
0.8560011720881929,-0.13736737046620162,GNB
0.8560011720881929,-0.13736737046620162,GNB
0.8560011720881929,-0.13736737046620162,GNB
0.8560011720881929,-0.13736737046620162,GNB
0.8560011720881929,-0.13736737046620162,GNB
0.8560011720881929,-0.13736737046620162,GNB
0.8560011720881929,-0.13736737046620162,GNB
0.8560011720881929,-0.13736737046620162,GNB
0.8560011720881929,-0.04271247051041194,RF
0.8651525761555618,-0.13740717008404357,GNB
0.8651525761555618,-0.08896399308763447,RF
0.8651525761555618,-0.003729385212859815,GNB
0.8651525761555618,-0.13740717008404357,GNB
0.8651525761555618,-0.1500235702116297,RF
0.8651525761555618,-0.14419833451167374,RF
0.8651525761555618,-0.10666938587048402,RF
0.8651525761555618,-0.1527495232941004,RF
0.8700685564306541,-0.1373669369546492,GNB
0.8700685564306541,-0.1373669369546492,GNB
0.8700685564306541,-0.1373669369546492,GNB
0.8700685564306541,-0.1373669369546492,GNB
0.8700685564306541,-0.1373669369546492,GNB
0.8700685564306541,-0.1373669369546492,GNB
0.8716576918441727,-0.10247649110297408,RF
0.8716576918441727,-0.07527384450565333,GNB
0.8716576918441727,-0.11542817495794577,RF
0.8716576918441727,-0.07527384450565333,GNB
0.8716576918441727,-0.07527384450565333,GNB
0.8716576918441727,-0.10386583459970455,RF
0.8716576918441727,-0.07527384450565333,GNB
0.8716576918441727,-0.07527384450565333,GNB
0.8716576918441727,-0.06720222394470676,RF
0.8716576918441727,0.11621564692009911,GNB
0.8716576918441727,-0.07527384450565333,GNB
0.8716576918441727,0.008483718506652416,RF
0.8716576918441727,-0.07527384450565333,GNB
0.8716576918441727,-0.07527384450565333,GNB
0.8716576918441727,-0.07527384450565333,GNB
0.8716576918441727,-0.07527384450565333,GNB
0.8716576918441727,-0.07527384450565333,GNB
0.8716576918441727,0.042832671106281195,GNB
0.8716576918441727,0.07205752413902378,RF
0.8716576918441727,-0.07527384450565333,GNB
0.8716576918441727,-0.07527384450565333,GNB
0.8716576918441727,-0.07527384450565333,GNB
0.8716576918441727,0.11621564692009911,GNB
0.8716576918441727,-0.07527384450565333,GNB
0.8716576918441727,-0.07527384450565333,GNB
0.8716576918441727,0.04809079870410393,RF
0.8716576918441727,-0.07527384450565333,GNB
0.8716576918441727,-0.07527384450565333,GNB
0.8716576918441727,-0.07527384450565333,GNB
0.8716576918441727,-0.07527384450565333,GNB
0.8716576918441727,-0.07527384450565333,GNB
0.8716576918441727,-0.07527384450565333,GNB
0.8716576918441727,-0.07527384450565333,GNB
0.8716576918441727,-0.11766092121443883,RF
0.8716576918441727,-0.07527384450565333,GNB
0.8716576918441727,-0.07527384450565333,GNB
0.8716576918441727,-0.07527384450565333,GNB
0.8716576918441727,-0.0014825066881181126,RF
0.8716576918441727,-0.07527384450565333,GNB
0.8716576918441727,-0.07527384450565333,GNB
0.8716576918441727,-0.07527384450565333,GNB
0.8716576918441727,-0.07527384450565333,GNB
0.8716576918441727,-0.07527384450565333,GNB
0.8764406200258643,-0.0865814575239352,RF
0.8764406200258643,-0.09206762258596912,RF
0.8764406200258643,-0.10041227899376426,RF
0.8764406200258643,-0.0758983104627019,GNB
0.8764406200258643,-0.0758983104627019,GNB
0.8764406200258643,-0.0758983104627019,GNB
0.8764406200258643,-0.10162706813603217,RF
0.8764406200258643,-0.04651052704143188,RF
0.8764406200258643,-0.0630397619091756,RF
0.8764406200258643,-0.0758983104627019,GNB
0.8764406200258643,-0.07519044775410177,RF
0.8764406200258643,-0.0758983104627019,GNB
0.8764406200258643,-0.0758983104627019,GNB
0.8764406200258643,-0.0758983104627019,GNB
0.8764406200258643,0.11236281051387209,GNB
0.8764406200258643,0.11236281051387209,GNB
0.8764406200258643,-0.0758983104627019,GNB
0.8764406200258643,-0.0758983104627019,GNB
0.8764406200258643,-0.0758983104627019,GNB
0.8764406200258643,-0.0758983104627019,GNB
0.8764406200258643,-0.0758983104627019,GNB
0.8764406200258643,-0.01578575018015238,RF
0.8764406200258643,-0.0758983104627019,GNB
0.8764406200258643,-0.0758983104627019,GNB
0.8787079935122071,-0.13718258551469675,GNB
0.8787079935122071,-0.13718258551469675,GNB
0.8787079935122071,-0.13718258551469675,GNB
0.8787079935122071,-0.09459232840995069,RF
0.8787079935122071,-0.153196197151646,RF
0.8787079935122071,-0.13718258551469675,GNB
0.8787079935122071,-0.13718258551469675,GNB
0.8787079935122071,0.07954098537859533,GNB
0.8787079935122071,-0.13718258551469675,GNB
0.8787079935122071,-0.13718258551469675,GNB
0.8787079935122071,-0.13718258551469675,GNB
0.8787079935122071,-0.13718258551469675,GNB
0.8787079935122071,-0.13718258551469675,GNB
0.8787079935122071,-0.13718258551469675,GNB
0.8787079935122071,-0.1420609828727013,RF
0.8787079935122071,-0.14344163759289663,RF
0.8787079935122071,-0.15470624036216085,RF
0.8787079935122071,-0.08755252124377033,RF
0.8787079935122071,-0.13718258551469675,GNB
0.8787079935122071,-0.09996286102545904,RF
0.884841860156118,-0.11357787343675618,RF
0.884841860156118,-0.07690290130561717,GNB
0.884841860156118,-0.07690290130561717,GNB
0.884841860156118,0.007697985157038789,RF
0.884841860156118,-0.07690290130561717,GNB
0.884841860156118,0.06826956633361214,RF
0.884841860156118,-0.0010998794558160219,RF
0.897287054876948,-0.13622522476085375,GNB
0.897287054876948,-0.13622522476085375,GNB
0.897287054876948,-0.13622522476085375,GNB
0.897287054876948,-0.13622522476085375,GNB
0.9048754603799763,-0.01570575551829345,GNB
0.9048754603799763,-0.13557682316487762,GNB
0.9048754603799763,-0.13557682316487762,GNB
0.9048754603799763,-0.05994250510816368,RF
0.9048754603799763,-0.13557682316487762,GNB
0.9048754603799763,-0.13557682316487762,GNB
0.9048754603799763,-0.13557682316487762,GNB
0.9048754603799763,-0.13557682316487762,GNB
0.9048754603799763,-0.13557682316487762,GNB
0.9089360856574906,-0.1351589265174149,GNB
0.9089360856574906,-0.1351589265174149,GNB
0.9089360856574906,-0.1351589265174149,GNB
0.9089360856574906,-0.1351589265174149,GNB
0.9089360856574906,-0.1351589265174149,GNB
0.9089360856574906,-0.1351589265174149,GNB
0.9089360856574906,-0.1351589265174149,GNB
0.9089360856574906,-0.1351589265174149,GNB
0.9089360856574906,-0.1351589265174149,GNB
0.9160427623385523,-0.13429589027756472,GNB
0.9160427623385523,-0.13429589027756472,GNB
0.9160427623385523,-0.13429589027756472,GNB
0.9160427623385523,-0.13429589027756472,GNB
0.9160427623385523,-0.13429589027756472,GNB
0.9160427623385523,-0.018689017526854146,GNB
0.9160427623385523,-0.13429589027756472,GNB
0.9160427623385523,-0.13429589027756472,GNB
0.9160427623385523,-0.06588404157606131,RF
0.9160427623385523,-0.13429589027756472,GNB
0.9160427623385523,-0.13429589027756472,GNB
0.9160427623385523,-0.13429589027756472,GNB
0.9205164231699345,-0.07953336741924144,GNB
0.9205164231699345,-0.07953336741924144,GNB
0.9205164231699345,0.05812094802885681,RF
0.9205164231699345,0.06560269552118814,RF
0.9205164231699345,-0.11223828637597189,RF
0.9205164231699345,-0.07953336741924144,GNB
0.9205164231699345,-0.09342061445707484,RF
0.9205164231699345,-0.09472208187972608,RF
0.9205164231699345,-0.07953336741924144,GNB
0.9205164231699345,-0.13296400940146635,RF
0.9205164231699345,-0.11713158728485706,RF
0.9205164231699345,-0.12589349586065857,RF
0.9205164231699345,-0.07953336741924144,GNB
0.9205164231699345,-0.07953336741924144,GNB
0.9205164231699345,-0.07953336741924144,GNB
0.9205164231699345,-0.11985511212484945,RF
0.9205164231699345,-0.1186657934525952,RF
0.9205164231699345,-0.06517461567208127,RF
0.9205164231699345,-0.11677155306325271,RF
0.9205164231699345,-0.06246253721143713,RF
0.9205164231699345,-0.07953336741924144,GNB
0.9205164231699345,0.02085499662308088,GNB
0.9205164231699345,-0.06648629364342173,RF
0.9205164231699345,-0.10835368907935183,RF
0.9205164231699345,0.03259951030183228,RF
0.9205164231699345,-0.09647084306548814,RF
0.9205164231699345,0.008127072381696632,RF
0.9205164231699345,0.0734691176004858,GNB
0.9205164231699345,0.011860142482254532,RF
0.9205164231699345,-0.07953336741924144,GNB
0.9205164231699345,-0.07953336741924144,GNB
0.9205164231699345,-0.07953336741924144,GNB
0.9205164231699345,-0.07953336741924144,GNB
0.9205164231699345,-0.07953336741924144,GNB
0.9205164231699345,-0.07953336741924144,GNB
0.9205164231699345,-0.07953336741924144,GNB
0.9205164231699345,-0.07953336741924144,GNB
0.9205164231699345,-0.07953336741924144,GNB
0.9205164231699345,-0.07953336741924144,GNB
0.9205164231699345,-0.07953336741924144,GNB
0.9205164231699345,-0.07953336741924144,GNB
0.9205164231699345,-0.07953336741924144,GNB
0.9205164231699345,-0.07953336741924144,GNB
0.9205164231699345,-0.07953336741924144,GNB
0.9205164231699345,-0.07953336741924144,GNB
0.9205164231699345,-0.07953336741924144,GNB
0.9271190686211865,-0.0796447956539863,GNB
0.9271190686211865,-0.008792625941786092,RF
0.9271190686211865,-0.0796447956539863,GNB
0.9271190686211865,-0.09421327686957504,RF
0.9271190686211865,0.03086781161579011,GNB
0.9271190686211865,0.06559939349794963,GNB
0.9271190686211865,0.07004981389573939,GNB
0.9271190686211865,0.017075929809780677,RF
0.9271190686211865,-0.11394335191646787,RF
0.9271190686211865,-0.11791021476918451,RF
0.9271190686211865,-0.09553611638709336,RF
0.9271190686211865,-0.10849489402307966,RF
0.9271190686211865,-0.0796447956539863,GNB
0.9271190686211865,0.07004981389573939,GNB
0.9271190686211865,0.025860161033376516,RF
0.9271190686211865,-0.0796447956539863,GNB
0.9271190686211865,-0.0796447956539863,GNB
0.9271190686211865,0.07004981389573939,GNB
0.9271190686211865,0.07004981389573939,GNB
0.930639261632318,0.04431782013096486,RF
0.930639261632318,-0.07964209094687458,GNB
0.930639261632318,-0.08708644122865872,RF
0.930639261632318,-0.07964209094687458,GNB
0.930639261632318,-0.07964209094687458,GNB
0.930639261632318,0.06132663086040979,GNB
0.930639261632318,0.06570743759376663,RF
0.930639261632318,-0.03351006732143602,RF
0.930639261632318,-0.07964209094687458,GNB
0.930639261632318,-0.06117990386543293,RF
0.930639261632318,-0.08655811296267746,RF
0.930639261632318,0.06132663086040979,GNB
0.930639261632318,0.029112952851829466,GNB
0.930639261632318,-0.01120528435951873,RF
0.930639261632318,-0.07964209094687458,GNB
0.9367758103200032,0.0537339413891218,GNB
0.9367758103200032,-0.002707108352781873,RF
0.9367758103200032,0.0537339413891218,GNB
0.9367758103200032,-0.08156955000482058,RF
0.9367758103200032,-0.0795217261251071,GNB
0.9367758103200032,-0.12944212752323847,RF
0.9367758103200032,-0.036271259056907756,RF
0.9367758103200032,-0.11581108867982293,RF
0.9367758103200032,-0.12657525157411442,RF
0.9367758103200032,-0.13549738820740498,RF
0.9367758103200032,-0.0795217261251071,GNB
0.9367758103200032,-0.051364325304430025,RF
0.9367758103200032,0.026071276089413065,GNB
0.9367758103200032,-0.0795217261251071,GNB
0.9367758103200032,-0.0795217261251071,GNB
0.9367758103200032,0.026071276089413065,GNB
0.9367758103200032,0.04918127649387083,RF
0.9457420684480033,-0.12831836856950418,GNB
0.9457420684480033,-0.01838294711254873,GNB
0.9457420684480033,-0.12831836856950418,GNB
0.9457420684480033,-0.12283981057646987,RF
0.9457420684480033,-0.1106372423820079,RF
0.9497208441532401,-0.07869077760482623,GNB
0.9497208441532401,-0.1174879484086786,RF
0.9497208441532401,-0.11303348248759004,RF
0.9497208441532401,-0.07869077760482623,GNB
0.9497208441532401,-0.07869077760482623,GNB
0.9497208441532401,-0.07292963327783875,RF
0.9497208441532401,-0.07463412832942673,RF
0.9497208441532401,-0.07933638829133705,RF
0.9497208441532401,-0.08862739740997894,RF
0.9497208441532401,-0.08372380396543089,RF
0.9497208441532401,-0.07869077760482623,GNB
0.9497208441532401,0.010622531425435788,RF
0.9497208441532401,-0.07869077760482623,GNB
0.9497208441532401,-0.07869077760482623,GNB
0.9497208441532401,-0.07869077760482623,GNB
0.9497208441532401,0.043836127465513686,RF
0.9497208441532401,0.01105966722108831,RF
0.9497208441532401,-0.07869077760482623,GNB
0.9497208441532401,0.043606103180382605,RF
0.9497208441532401,-0.07869077760482623,GNB
0.9497208441532401,-0.07869077760482623,GNB
0.9497208441532401,-0.07869077760482623,GNB
0.9497208441532401,-0.07869077760482623,GNB
0.9497208441532401,-0.07869077760482623,GNB
0.9497208441532401,-0.07869077760482623,GNB
0.9497208441532401,-0.07869077760482623,GNB
0.9497208441532401,-0.07869077760482623,GNB
0.9497208441532401,-0.07869077760482623,GNB
0.9497208441532401,-0.07869077760482623,GNB
0.9497208441532401,-0.07869077760482623,GNB
0.9497208441532401,-0.07869077760482623,GNB
0.9497208441532401,-0.07869077760482623,GNB
0.9497208441532401,-0.07869077760482623,GNB
0.9497208441532401,-0.07869077760482623,GNB
0.9497208441532401,-0.07869077760482623,GNB
0.9497208441532401,-0.07869077760482623,GNB
0.9497208441532401,0.019739170782486104,GNB
0.9497208441532401,-0.07869077760482623,GNB
0.9497208441532401,-0.07869077760482623,GNB
0.9511249018496888,-0.12667563449593677,GNB
0.9511249018496888,-0.02631556873195051,GNB
0.9511249018496888,-0.019538839111999273,GNB
0.9511249018496888,-0.02631556873195051,GNB
0.9511249018496888,-0.1399369298219606,RF
0.9511249018496888,-0.0743180344111749,RF
0.9539753797659365,-0.1257103684424915,GNB
0.9539753797659365,-0.026769692905289966,GNB
0.9539753797659365,-0.1257103684424915,GNB
0.9539753797659365,-0.1257103684424915,GNB
0.9539753797659365,-0.1257103684424915,GNB
0.9539753797659365,-0.1257103684424915,GNB
0.9539753797659365,-0.1257103684424915,GNB
0.9539753797659365,-0.12856753919031116,RF
0.9539753797659365,0.0205043500492893,RF
0.9539753797659365,0.01167306900577847,RF
0.9539753797659365,-0.1257103684424915,GNB
0.9539753797659365,-0.1257103684424915,GNB
0.9548902545366815,-0.07808818474676127,GNB
0.9548902545366815,-0.07808818474676127,GNB
0.9548902545366815,-0.07808818474676127,GNB
0.9548902545366815,0.029963703073836667,GNB
0.9548902545366815,-0.07808818474676127,GNB
0.9548902545366815,-0.07808818474676127,GNB
0.9548902545366815,0.029963703073836667,GNB
0.9548902545366815,-0.07808818474676127,GNB
0.9548902545366815,-0.07808818474676127,GNB
0.9548902545366815,-0.07808818474676127,GNB
0.9548902545366815,0.04372446666270591,RF
0.9548902545366815,0.017248807442171277,GNB
0.9576234508425344,-0.014413892966350983,RF
0.9576234508425344,0.039395045124003825,RF
0.9576234508425344,-0.030690628704667877,RF
0.9576234508425344,-0.07769304218655393,GNB
0.9576234508425344,-0.07769304218655393,GNB
0.9576234508425344,-0.07769304218655393,GNB
0.9576234508425344,-0.07769304218655393,GNB
0.9576234508425344,-0.010269993887619733,RF
0.9576234508425344,-0.0014753794194352077,RF
0.9589080290657896,0.03610793875905327,GNB
0.9589080290657896,-0.12386067487954666,GNB
0.9589080290657896,-0.010126023036763021,RF
0.9589080290657896,-0.12386067487954666,GNB
0.9589080290657896,-0.12386067487954666,GNB
0.9589080290657896,-0.12386067487954666,GNB
0.9589080290657896,0.026364274679259725,RF
0.9589080290657896,-0.12386067487954666,GNB
0.9589080290657896,-0.12386067487954666,GNB
0.9589080290657896,0.03610793875905327,GNB
0.9589080290657896,0.03609269941484161,RF
0.9589080290657896,-0.027470639381900863,GNB
0.9589080290657896,-0.12386067487954666,GNB
0.9589080290657896,-0.13484983711154275,RF
0.9589080290657896,-0.134515863872406,RF
0.9589080290657896,-0.12386067487954666,GNB
0.9589080290657896,-0.1284440753178162,RF
0.9589080290657896,-0.10985175359413546,RF
0.9589080290657896,-0.12386067487954666,GNB
0.9589080290657896,-0.0533688636446914,RF
0.9589080290657896,-0.03283435596235651,RF
0.9589080290657896,-0.12386067487954666,GNB
0.9623450851947037,0.012804983360804378,RF
0.9623450851947037,-0.07686638693668435,GNB
0.9623450851947037,-0.10427197558394674,RF
0.9623450851947037,0.01370571523202413,GNB
0.9623450851947037,0.01819170434288475,RF
0.9623450851947037,0.01937843441028697,GNB
0.9623450851947037,-0.032047447253957584,RF
0.9623450851947037,-0.07686638693668435,GNB
0.9623450851947037,0.032945770291404,RF
0.9623450851947037,0.022303398634464955,RF
0.9623450851947037,0.035277131262844375,RF
0.9623450851947037,0.01370571523202413,GNB
0.9691292886453853,0.01843608940869257,RF
0.9691292886453853,-0.1191223352363796,GNB
0.9691292886453853,-0.050288202810277904,RF
0.9731234817329751,-0.028693281487521483,GNB
0.9731234817329751,-0.11683622801247029,GNB
0.9731234817329751,-0.04350297086197219,RF
0.9731234817329751,-0.028693281487521483,GNB
0.9731234817329751,-0.05132552371341059,RF
0.9731234817329751,-0.11683622801247029,GNB
0.9731234817329751,-0.11683622801247029,GNB
0.9731234817329751,-0.11683622801247029,GNB
0.9731234817329751,0.017621601536771947,GNB
0.9752103287005948,-0.1155158394077973,GNB
0.9752103287005948,-0.1155158394077973,GNB
0.9752103287005948,-0.02873722819860247,GNB
0.9752103287005948,-0.10121566469842291,RF
0.9752103287005948,-0.1155158394077973,GNB
0.9787680913414478,-0.02869986291249882,GNB
0.9787680913414478,0.009503592667021832,GNB
0.9787680913414478,-0.11419068734728621,RF
0.9787680913414478,-0.1094018722724821,RF
0.9787680913414478,-0.1120089549468507,RF
0.9787680913414478,-0.11717641975069659,RF
0.9787680913414478,-0.1160479811662547,RF
0.9787680913414478,-0.017079614949783828,RF
0.980939723870186,0.010676607639506175,RF
0.980939723870186,0.0034575887577078523,RF
0.980939723870186,-0.010683341644824651,GNB
0.980939723870186,-0.010683341644824651,GNB
0.980939723870186,-0.07097153801139588,GNB
0.980939723870186,-0.08822171628501096,RF
0.980939723870186,-0.09027002783978677,RF
0.980939723870186,0.00524231715350465,GNB
0.980939723870186,-0.08853698442543012,RF
0.980939723870186,-0.010683341644824651,GNB
0.980939723870186,-0.010683341644824651,GNB
0.980939723870186,-0.07097153801139588,GNB
0.980939723870186,-0.025753641046246,RF
0.980939723870186,-0.010683341644824651,GNB
0.980939723870186,0.011009289911843911,RF
0.980939723870186,0.00524231715350465,GNB
0.980939723870186,-0.011775446757094299,RF
0.980939723870186,-0.07097153801139588,GNB
0.9840366718397299,-0.06932581259863313,GNB
0.9840366718397299,-0.016548269345349254,GNB
0.9840366718397299,0.0039174467675591185,GNB
0.9840366718397299,-0.06932581259863313,GNB
0.9840366718397299,0.014088936079787895,RF
0.9840366718397299,-0.06932581259863313,GNB
0.9856294536594195,-0.01972510060965349,GNB
0.9856294536594195,-0.01972510060965349,GNB
0.9856294536594195,-0.01972510060965349,GNB
0.9856294536594195,-0.01972510060965349,GNB
0.9856294536594195,-0.0887465274472421,RF
0.9856294536594195,-0.08356484401206876,RF
0.9856294536594195,-0.08202215402901891,RF
0.9856294536594195,-0.09044190192847223,RF
0.9856294536594195,-0.01972510060965349,GNB
0.9856294536594195,-0.01972510060965349,GNB
0.9856294536594195,0.011630168185358225,RF
0.9856294536594195,-0.01972510060965349,GNB
0.9856294536594195,-0.0068063437501419966,RF
0.9856294536594195,-0.003676563092669838,GNB
0.9882965020330712,-0.025356169582701815,GNB
0.9882965020330712,0.002166493140459802,GNB
0.9882965020330712,-0.06649122601382618,GNB
0.9882965020330712,-0.06649122601382618,GNB
0.9882965020330712,-0.025356169582701815,GNB
0.9882965020330712,-0.025356169582701815,GNB
0.9882965020330712,-0.06649122601382618,GNB
0.9882965020330712,-0.06649122601382618,GNB
0.9919014782389464,0.006913969988938229,GNB
0.9919014782389464,-0.09934070617844704,GNB
0.9919014782389464,-0.09934070617844704,GNB
0.9919014782389464,-0.026474465641077582,GNB
0.9919014782389464,-0.09934070617844704,GNB
0.9919014782389464,-0.09934070617844704,GNB
0.9933697282237748,-0.03769977238630928,GNB
0.9933697282237748,-0.06168915714551759,GNB
0.9933697282237748,-0.06168915714551759,GNB
0.9933697282237748,-0.06168915714551759,GNB
0.9933697282237748,-0.04864581092731268,RF
0.9933697282237748,-0.060684536275147694,RF
0.9933697282237748,0.00025788328119014103,GNB
0.9933697282237748,-0.06168915714551759,GNB
0.9933697282237748,-0.01757227465393285,RF
0.9933697282237748,-0.06168915714551759,GNB
0.9933697282237748,0.00025788328119014103,GNB
0.9933697282237748,0.00025788328119014103,GNB
0.9933697282237748,-0.06168915714551759,GNB
0.9933697282237748,-0.06168915714551759,GNB
0.9938657491489791,-0.017364440778198986,GNB
0.9938657491489791,-0.06874477908271115,RF
0.9938657491489791,-0.017364440778198986,GNB
0.9938657491489791,-0.09608482033932919,GNB
0.9938657491489791,-0.0933200104257017,RF
0.9938657491489791,-0.09608482033932919,GNB
0.9938657491489791,-0.09608482033932919,GNB
0.9938657491489791,-0.025580423539155683,GNB
0.9938657491489791,-0.09192741066206078,RF
0.9938657491489791,-0.025580423539155683,GNB
0.9938657491489791,-0.00040031370112525444,RF
0.9938657491489791,-0.10261506300766854,RF
0.9948341141415274,-0.021630159981072095,RF
0.9948341141415274,-0.01967789838622347,GNB
0.9948341141415274,-0.025022981687329193,GNB
0.9948341141415274,-0.01967789838622347,GNB
0.9948341141415274,-0.09422787901451612,GNB
0.9948341141415274,-0.03284484628067197,RF
0.9948341141415274,-0.026332324186055023,RF
0.9948341141415274,-0.09422787901451612,GNB
0.9948341141415274,-0.025022981687329193,GNB
0.9951333033188934,-0.059361672507734387,GNB
0.9951333033188934,-0.059361672507734387,GNB
0.9951333033188934,-0.059361672507734387,GNB
0.9951333033188934,-0.018633979623787877,RF
0.9951333033188934,-0.0428473031433545,GNB
0.9951333033188934,-0.062460203952338644,RF
0.9951333033188934,-0.059361672507734387,GNB
0.9951333033188934,-0.059361672507734387,GNB
0.9951333033188934,-0.0428473031433545,GNB
0.9951333033188934,-0.0428473031433545,GNB
0.9951333033188934,-0.059361672507734387,GNB
0.9951333033188934,-0.0428473031433545,GNB
0.9951333033188934,-0.0428473031433545,GNB
0.9951333033188934,-0.0428473031433545,GNB
0.9951333033188934,-0.059361672507734387,GNB
0.9951333033188934,-0.00032459310263899255,GNB
0.9951333033188934,-0.00032459310263899255,GNB
0.9959909483833718,-0.03174895869693106,RF
0.9959909483833718,-0.0456306592263902,GNB
0.9959909483833718,-0.058014755408062,GNB
0.9959909483833718,-0.0456306592263902,GNB
0.9959909483833718,-0.0456306592263902,GNB
0.9959909483833718,-0.058014755408062,GNB
0.9959909483833718,-0.0456306592263902,GNB
0.9959909483833718,-0.0005814844676823583,GNB
0.9959909483833718,-0.058014755408062,GNB
0.9959909483833718,-0.058014755408062,GNB
0.9959909483833718,-0.0503168028435268,RF
0.9959909483833718,-0.0029011900695198323,GNB
0.9963741754944502,-0.09076440574728029,GNB
0.9963741754944502,-0.0973342929557065,RF
0.9963741754944502,-0.0237483689300082,GNB
0.9963741754944502,-0.0237483689300082,GNB
0.9963741754944502,-0.0024070020137654247,RF
0.9963741754944502,-0.042737161143463265,RF
0.9963741754944502,-0.0237483689300082,GNB
0.9963741754944502,-0.09076440574728029,GNB
0.9963741754944502,-0.0366939451385464,RF
0.9963741754944502,-0.06163143843373109,RF
0.9963741754944502,0.00229111587478259,RF
0.9963741754944502,-0.08838057899417706,RF
0.9963741754944502,-0.02566779811915776,RF
0.9963741754944502,-0.0237483689300082,GNB
0.9963741754944502,-0.0237483689300082,GNB
0.9963741754944502,-0.0237483689300082,GNB
0.9963741754944502,-0.09076440574728029,GNB
0.9963741754944502,-0.04043753442165143,RF
0.9963741754944502,-0.06800657306490487,RF
0.9963741754944502,-0.08334300641247194,RF
0.9963741754944502,-0.09927093904442019,RF
0.9963741754944502,-0.09893505137425396,RF
0.9963741754944502,-0.09608486975790331,RF
0.9963741754944502,-0.09693501181271857,RF
0.9963741754944502,-0.09076440574728029,GNB
0.9963741754944502,-0.0237483689300082,GNB
0.9963741754944502,0.0026532961065846017,RF
0.9963741754944502,-0.05335613803342332,RF
0.9963741754944502,-0.0237483689300082,GNB
0.9973310295979325,-0.055468489121098585,GNB
0.9973310295979325,-0.04355567282615591,RF
0.9973310295979325,-0.055468489121098585,GNB
0.9973310295979325,-0.05055512847276977,GNB
0.9973310295979325,-0.043080526244470896,RF
0.9973310295979325,-0.05055512847276977,GNB
0.9973310295979325,-0.05055512847276977,GNB
0.9988762885673075,-0.04277505086804534,RF
0.9988762885673075,-0.08232208666361918,GNB
0.9988762885673075,-0.08232208666361918,GNB
0.9988762885673075,-0.04083665897940647,RF
0.999521393554883,-0.026070234260649583,RF
0.999521393554883,-0.07841456409823411,GNB
0.999521393554883,-0.07841456409823411,GNB
0.999521393554883,-0.04830993564449726,RF
0.999521393554883,-0.05098783588863931,RF
0.999521393554883,-0.046640647277573555,RF
0.999521393554883,-0.07841456409823411,GNB
0.999521393554883,-0.03611004260827588,GNB
0.999521393554883,-0.07841456409823411,GNB
0.999521393554883,-0.01916514559548521,GNB
0.9997615582949759,-0.07619629666501626,GNB
0.9997615582949759,-0.06275188213655858,RF
0.9997615582949759,-0.04751590349599577,RF
0.9997615582949759,-0.07619629666501626,GNB
0.9997615582949759,-0.07619629666501626,GNB
0.9997615582949759,-0.07619629666501626,GNB
0.9997615582949759,-0.07619629666501626,GNB
0.9997615582949759,-0.03803200534500528,GNB
0.9997615582949759,-0.07619629666501626,GNB
0.9997615582949759,-0.07619629666501626,GNB
0.9997615582949759,-0.07619629666501626,GNB
0.9997615582949759,-0.08054939191754862,RF
0.9997615582949759,-0.07619629666501626,GNB
0.9997615582949759,-0.05804291869837874,RF
0.9997615582949759,-0.07619629666501626,GNB
0.9997615582949759,-0.025609916388280474,RF
0.9997615582949759,-0.07619629666501626,GNB
0.9999855633990798,-0.07207684926802338,GNB
0.9999855633990798,-0.041397469235542994,GNB
0.9999855633990798,-0.013609034335503534,RF
0.9999855633990798,-0.07255021190425703,RF
0.9999855633990798,-0.04838728066328424,RF
0.9999855633990798,-0.04635371124311227,RF
0.9999855633990798,-0.016632158128539243,RF
0.9999855633990798,-0.029650329801868547,RF
0.9999855633990798,-0.07207684926802338,GNB
0.9999855633990798,-0.0014426000948645212,RF
0.9999855633990798,-0.07207684926802338,GNB
0.9999855633990798,-0.04381598825451227,RF
0.9999855633990798,-0.079094957921792,RF
0.9999855633990798,-0.031494187756763714,RF
0.9999855633990798,-0.05710581889432664,RF
0.9999855633990798,-0.07207684926802338,GNB
