0,0.671140291,0.699438867,0.500640172,0.492660472
1,0.372797118,0.965731877,0.721667775,0.695176974
2,0.671140291,0.137853737,0.448900753,0.382319954
3,0.671140291,0.137853737,0.561729353,0.428128026
4,0.518180544,0.137853737,0.767840601,0.796375239
5,0.518180544,0.965731877,0.691795638,0.689785631
6,0.737534486,0.965731877,0.319385283,0.396688809
7,0.737534486,0.965731877,0.453490309,0.398446091
8,0.518180544,0.965731877,0.629959646,0.587156666
9,0.372797118,0.965731877,0.378046948,0.40877168
10,0.671140291,0.965731877,0.571364154,0.524293266
11,0.525756864,0.721211653,0.447800223,0.334151771
12,0.525756864,0.721211653,0.531027187,0.450238819
13,0.737534486,0.965731877,0.809774459,0.841070995
14,0.59215106,0.965731877,0.848061612,0.865483479
15,0.518180544,0.965731877,0.315244624,0.21818828
16,0.59215106,0.965731877,0.323089209,0.196140596
17,0.372797118,0.721211653,0.587574286,0.491919455
18,0.525756864,0.965731877,0.685974523,0.549811947
19,0.518180544,0.721211653,0.734870781,0.613450451
20,0.518180544,0.965731877,0.679907742,0.474097728
21,0.518180544,0.137853737,0.428330896,0.212421197
22,0.671140291,0.699438867,0.441984925,0.380642542
23,0.525756864,0.965731877,0.632823713,0.515047081
24,0.372797118,0.965731877,0.718892284,0.764319145
25,0.525756864,0.965731877,0.699992733,0.749512778
26,0.518180544,0.965731877,0.736378134,0.738326018
27,0.671140291,0.965731877,0.866410062,0.881002493
28,0.372797118,0.699438867,0.343871721,0.334385924
29,0.518180544,0.965731877,0.711000741,0.676212765
30,0.525756864,0.965731877,0.561679437,0.449772536
31,0.372797118,0.454918643,0.490922968,0.444984873
32,0.671140291,0.965731877,0.852330015,0.890609094
33,0.671140291,0.965731877,0.598044756,0.545879476
34,0.439191313,0.965731877,0.449869692,0.310895763
35,0.671140291,0.965731877,0.621115436,0.642110999
36,0.525756864,0.965731877,0.715180386,0.556853085
37,0.525756864,0.699438867,0.528901215,0.414814819
38,0.372797118,0.965731877,0.688373875,0.59919081
39,0.518180544,0.965731877,0.828095516,0.882036998
40,0.671140291,0.137853737,0.073207259,0.02965895
41,0.372797118,0.137853737,0.168605831,0.133590094
42,0.372797118,0.137853737,0.174331456,0.238449088
43,0.372797118,0.137853737,0.120335737,0.06338153
44,0.518180544,0.137853737,0.222441603,0.176186916
45,0.737534486,0.137853737,0.27535846,0.256360189
46,0.58457474,0.137853737,0.630730528,0.587395008
47,0.58457474,0.137853737,0.661117555,0.378216438
48,0.525756864,0.137853737,0.113634078,0.075352969
49,0.372797118,0.137853737,0.14427524,0.150010802
50,0.525756864,0.137853737,0.108599428,0.098573592
51,0.525756864,0.137853737,0.267174061,0.265830936
52,0.671140291,0.137853737,0.176592374,0.188897715
53,0.671140291,0.137853737,0.109554807,0.09477095
54,0.525756864,0.137853737,0.099795258,0.087269207
55,0.525756864,0.137853737,0.121958509,0.098326614
56,0.58457474,0.137853737,0.090405709,0.064543921
57,0.372797118,0.137853737,0.072750174,0.049657745
58,0.372797118,0.137853737,0.085930051,0.04611309
59,0.372797118,0.137853737,0.128869031,0.095016947
60,0.671140291,0.137853737,0.106969979,0.065611601
61,0.372797118,0.137853737,0.090475565,0.048451038
62,0.737534486,0.137853737,0.213166852,0.36447867
63,0.58457474,0.137853737,0.127219687,0.240765545
64,0.671140291,0.137853737,0.303538025,0.242054555
65,0.518180544,0.404146746,0.196390503,0.170715259
66,0.372797118,0.137853737,0.156335523,0.136501218
67,0.58457474,0.137853737,0.328092247,0.341986693
68,0.59215106,0.137853737,0.118570615,0.118346523
69,0.671140291,0.137853737,0.155833947,0.111156724
70,0.372797118,0.137853737,0.503002148,0.48840677
71,0.59215106,0.137853737,0.108891711,0.051548623
72,0.59215106,0.137853737,0.094445396,0.066046116
73,0.525756864,0.137853737,0.073438313,0.043170038
74,0.525756864,0.137853737,0.07366912,0.042177352
75,0.518180544,0.454918643,0.649820081,0.585775887
76,0.518180544,0.137853737,0.179273735,0.169980816
77,0.518180544,0.137853737,0.082038974,0.089914305
78,0.372797118,0.137853737,0.133331371,0.145632874
79,0.671140291,0.137853737,0.225162846,0.228579259
80,0.525756864,0.137853737,0.025135013,0.020604792
81,0.525756864,0.137853737,0.027367257,0.026839107
82,0.372797118,0.137853737,0.036967788,0.027672161
83,0.372797118,0.137853737,0.046988777,0.03962008
84,0.372797118,0.137853737,0.05986968,0.044367907
85,0.518180544,0.137853737,0.118027947,0.135764498
86,0.525756864,0.137853737,0.294062214,0.212276818
87,0.518180544,0.404146746,0.157645605,0.124032263
88,0.737534486,0.137853737,0.05347306,0.029554569
89,0.372797118,0.137853737,0.040203129,0.024356643
90,0.525756864,0.137853737,0.034907204,0.026491829
91,0.372797118,0.137853737,0.033525019,0.037025793
92,0.372797118,0.137853737,0.056363748,0.053840622
93,0.372797118,0.137853737,0.056337888,0.051943212
94,0.671140291,0.137853737,0.035493772,0.047434753
95,0.372797118,0.137853737,0.01595836,0.012356466
96,0.372797118,0.137853737,0.029034655,0.020611183
97,0.372797118,0.137853737,0.034430321,0.016352903
98,0.372797118,0.137853737,0.160249405,0.118321827
99,0.671140291,0.454918643,0.091010726,0.070658818
100,0.671140291,0.454918643,0.085726749,0.069609168
101,0.58457474,0.137853737,0.311513391,0.373744698
102,0.518180544,0.137853737,0.085999131,0.101920669
103,0.372797118,0.137853737,0.052975645,0.033402082
104,0.525756864,0.137853737,0.085246486,0.047321394
105,0.372797118,0.137853737,0.06086966,0.05307626
106,0.525756864,0.137853737,0.034200284,0.023189097
107,0.59215106,0.137853737,0.151008947,0.072224883
108,0.671140291,0.137853737,0.064096503,0.051860408
109,0.671140291,0.137853737,0.048107252,0.039988825
110,0.525756864,0.137853737,0.035983289,0.022256706
111,0.372797118,0.721211653,0.068133584,0.08758729
112,0.58457474,0.454918643,0.068987181,0.058616024
113,0.439191313,0.454918643,0.079966843,0.102977846
114,0.525756864,0.137853737,0.02339979,0.016958741
115,0.372797118,0.137853737,0.040315101,0.053513683
116,0.372797118,0.137853737,0.026583433,0.029188465
117,0.525756864,0.137853737,0.021338743,0.022335365
118,0.525756864,0.137853737,0.025836831,0.020918023
119,0.525756864,0.137853737,0.027578284,0.025305578
120,0.372797118,0.454918643,0.094396257,0.10332232
121,0.372797118,0.137853737,0.05442061,0.036452313
122,0.439191313,0.137853737,0.035467698,0.0302198
123,0.525756864,0.137853737,0.092217226,0.051346784
124,0.518180544,0.721211653,0.107524372,0.071148209
125,0.439191313,0.721211653,0.07263379,0.042522392
126,0.372797118,0.721211653,0.088081559,0.055862228
127,0.58457474,0.137853737,0.165548339,0.201265812
128,0.439191313,0.137853737,0.18604645,0.214923635
129,0.372797118,0.137853737,0.048857763,0.03144979
130,0.372797118,0.137853737,0.078418672,0.042038712
131,0.518180544,0.137853737,0.194786877,0.153396932
132,0.372797118,0.137853737,0.093510258,0.071926116
133,0.372797118,0.137853737,0.130172246,0.126012333
134,0.518180544,0.137853737,0.071094772,0.031185816
135,0.58457474,0.137853737,0.531324994,0.33021296
136,0.525756864,0.137853737,0.024350047,0.019017457
137,0.58457474,0.721211653,0.088074,0.09817175
138,0.737534486,0.454918643,0.062561353,0.055170302
139,0.58457474,0.137853737,0.594128919,0.716968807
140,0.58457474,0.137853737,0.449020744,0.439257284
141,0.58457474,0.137853737,0.325611911,0.327120054
142,0.439191313,0.137853737,0.270719061,0.241564962
143,0.58457474,0.137853737,0.18830982,0.162965544
144,0.439191313,0.137853737,0.657455318,0.72828118
145,0.518180544,0.137853737,0.875127358,0.86793727
146,0.737534486,0.721211653,0.983653224,0.981023715
147,0.737534486,0.965731877,0.875335882,0.912018246
148,0.439191313,0.454918643,0.160052261,0.188559475
149,0.671140291,0.454918643,0.289711191,0.271573404
150,0.59215106,0.721211653,0.241934097,0.213664045
151,0.525756864,0.137853737,0.233272813,0.161553874
152,0.518180544,0.137853737,0.171471073,0.12154788
153,0.671140291,0.965731877,0.505076658,0.526421793
154,0.439191313,0.137853737,0.982272299,0.988633501
155,0.518180544,0.454918643,0.522899374,0.652823605
156,0.737534486,0.137853737,0.532934368,0.444327275
157,0.737534486,0.137853737,0.264444622,0.268930828
158,0.372797118,0.137853737,0.06783975,0.095633244
159,0.737534486,0.137853737,0.442728561,0.292100487
160,0.59215106,0.137853737,0.282188959,0.21051444
161,0.439191313,0.454918643,0.402671418,0.526584712
162,0.58457474,0.137853737,0.769226681,0.802237873
163,0.671140291,0.137853737,0.967246467,0.970354261
164,0.737534486,0.137853737,0.459269312,0.486457664
165,0.518180544,0.721211653,0.921819969,0.950551572
166,0.59215106,0.137853737,0.223759432,0.154099257
167,0.59215106,0.137853737,0.092369204,0.115997166
168,0.525756864,0.137853737,0.285916469,0.22164111
169,0.671140291,0.137853737,0.481193541,0.445029744
170,0.671140291,0.137853737,0.168196473,0.146864502
171,0.518180544,0.137853737,0.293009428,0.225478109
172,0.439191313,0.137853737,0.885416161,0.859832075
173,0.737534486,0.137853737,0.659778422,0.850224078
174,0.372797118,0.454918643,0.765685603,0.797071049
175,0.737534486,0.454918643,0.29205147,0.307322303
176,0.671140291,0.137853737,0.881889871,0.895160883
177,0.58457474,0.137853737,0.592182357,0.584551993
178,0.518180544,0.137853737,0.865619743,0.837213471
179,0.737534486,0.137853737,0.367498119,0.304808516
180,0.525756864,0.137853737,0.278184743,0.234654491
181,0.737534486,0.137853737,0.807361992,0.751705994
182,0.671140291,0.137853737,0.232174523,0.203650559
183,0.518180544,0.137853737,0.583278027,0.534205549
184,0.737534486,0.965731877,0.956370208,0.92647575
185,0.737534486,0.965731877,0.914684705,0.907753426
186,0.737534486,0.965731877,0.723045362,0.677982199
187,0.737534486,0.965731877,0.945161632,0.973023469
188,0.737534486,0.965731877,0.926208992,0.95807114
189,0.439191313,0.965731877,0.946426922,0.981129228
190,0.439191313,0.965731877,0.758704321,0.882710282
191,0.439191313,0.965731877,0.710594981,0.910587124
192,0.671140291,0.965731877,0.902864925,0.963725053
193,0.671140291,0.965731877,0.904102362,0.873007029
194,0.525756864,0.965731877,0.878993673,0.848970098
195,0.671140291,0.965731877,0.899222669,0.918184133
196,0.518180544,0.965731877,0.81537406,0.879703766
197,0.525756864,0.965731877,0.816297496,0.881830111
198,0.59215106,0.965731877,0.790917469,0.874715803
199,0.439191313,0.965731877,0.756562198,0.767877643
200,0.58457474,0.965731877,0.967617794,0.956770068
201,0.737534486,0.965731877,0.760283496,0.80278899
202,0.737534486,0.965731877,0.902608776,0.883443161
203,0.737534486,0.965731877,0.769795822,0.866591285
204,0.59215106,0.965731877,0.917298563,0.949970487
205,0.737534486,0.965731877,0.940965059,0.952545844
206,0.737534486,0.965731877,0.979900289,0.984615316
207,0.737534486,0.454918643,0.89520648,0.916253076
208,0.737534486,0.137853737,0.465766574,0.386805084
209,0.59215106,0.137853737,0.483111838,0.542858562
210,0.671140291,0.965731877,0.932422951,0.955711794
211,0.518180544,0.965731877,0.953851728,0.972851715
212,0.737534486,0.965731877,0.831118293,0.935243199
213,0.59215106,0.965731877,0.928385067,0.965250906
214,0.59215106,0.721211653,0.886900325,0.820626841
215,0.518180544,0.721211653,0.853172775,0.904825035
216,0.439191313,0.965731877,0.653008713,0.655930062
217,0.737534486,0.965731877,0.990401454,0.992337455
218,0.737534486,0.965731877,0.698514679,0.837951085
219,0.518180544,0.965731877,0.847806683,0.911091626
220,0.671140291,0.965731877,0.949139058,0.96608812
221,0.671140291,0.965731877,0.955091175,0.970457766
222,0.737534486,0.965731877,0.990099579,0.994093329
223,0.671140291,0.721211653,0.873777013,0.903421455
224,0.737534486,0.454918643,0.782102249,0.869555027
225,0.737534486,0.965731877,0.928987668,0.960823368
226,0.59215106,0.699438867,0.887644781,0.924592315
227,0.439191313,0.965731877,0.921050901,0.956370874
228,0.439191313,0.965731877,0.962538849,0.969255316
229,0.525756864,0.965731877,0.626780146,0.730870025
230,0.439191313,0.965731877,0.861410229,0.88406746
231,0.518180544,0.965731877,0.859808562,0.839276495
232,0.737534486,0.965731877,0.961499969,0.96247868
233,0.525756864,0.965731877,0.832386149,0.845694526
234,0.525756864,0.965731877,0.785665844,0.810164079
235,0.671140291,0.721211653,0.835458652,0.850751367
236,0.525756864,0.721211653,0.823613469,0.83845759
237,0.671140291,0.965731877,0.865150805,0.817373009
238,0.525756864,0.965731877,0.763494506,0.772314651
239,0.671140291,0.965731877,0.733400489,0.8325685
240,0.518180544,0.965731877,0.625912268,0.823775852
241,0.671140291,0.965731877,0.900695539,0.944556359
242,0.525756864,0.965731877,0.758256392,0.773894637
243,0.671140291,0.965731877,0.614562532,0.647343781
244,0.737534486,0.965731877,0.88417942,0.91142517
245,0.671140291,0.965731877,0.895385071,0.933294845
246,0.518180544,0.965731877,0.776457818,0.813849813
247,0.671140291,0.965731877,0.829205913,0.786943662
248,0.372797118,0.721211653,0.828684016,0.860008041
249,0.525756864,0.721211653,0.772260672,0.790206534
250,0.58457474,0.721211653,0.642993267,0.589921416
251,0.671140291,0.721211653,0.579880998,0.536650854
252,0.737534486,0.721211653,0.767688598,0.909415882
253,0.737534486,0.965731877,0.525153499,0.690385728
254,0.737534486,0.965731877,0.90754783,0.900847922
255,0.671140291,0.965731877,0.960635874,0.979990666
256,0.671140291,0.965731877,0.618736458,0.547883772
257,0.671140291,0.454918643,0.682276037,0.633594797
258,0.372797118,0.454918643,0.490526723,0.618018946
259,0.525756864,0.965731877,0.344727787,0.291572577
260,0.671140291,0.721211653,0.71204698,0.81329608
261,0.58457474,0.965731877,0.676483612,0.6335599
262,0.525756864,0.965731877,0.932211623,0.867199263
263,0.737534486,0.965731877,0.841048803,0.824245196
264,0.737534486,0.965731877,0.84836477,0.819629569
265,0.525756864,0.721211653,0.684668473,0.761978959
266,0.525756864,0.721211653,0.796948084,0.836809731
267,0.671140291,0.965731877,0.61429039,0.621534914
268,0.671140291,0.965731877,0.966208997,0.974904447
269,0.671140291,0.965731877,0.932026879,0.968057692
270,0.671140291,0.965731877,0.749236278,0.752535424
271,0.671140291,0.965731877,0.848988107,0.795373926
272,0.737534486,0.965731877,0.950005258,0.966673264
273,0.737534486,0.965731877,0.785105927,0.816709548
274,0.737534486,0.965731877,0.896813835,0.899719537
275,0.518180544,0.721211653,0.724932187,0.754060394
276,0.518180544,0.454918643,0.400654696,0.445045154
277,0.737534486,0.454918643,0.476431731,0.520872319
278,0.439191313,0.699438867,0.670695921,0.649951775
279,0.525756864,0.965731877,0.604760889,0.596592627
280,0.525756864,0.965731877,0.541671312,0.529132772
281,0.58457474,0.965731877,0.883752747,0.948004937
282,0.737534486,0.965731877,0.903352104,0.946613508
283,0.518180544,0.965731877,0.783797777,0.712593728
284,0.671140291,0.965731877,0.701664543,0.677362857
285,0.525756864,0.965731877,0.849625252,0.768697932
286,0.737534486,0.965731877,0.86397379,0.832832355
287,0.525756864,0.965731877,0.805337097,0.683481781
288,0.671140291,0.721211653,0.561394764,0.689179012
289,0.737534486,0.721211653,0.642289651,0.680058815
290,0.737534486,0.965731877,0.821674921,0.811628701
291,0.737534486,0.965731877,0.805424376,0.711298373
292,0.518180544,0.965731877,0.808188086,0.883316089
293,0.518180544,0.965731877,0.763063444,0.860264484
294,0.372797118,0.965731877,0.705806938,0.621026884
295,0.525756864,0.965731877,0.895596507,0.942622586
296,0.518180544,0.965731877,0.728669361,0.555457981
297,0.58457474,0.965731877,0.762438829,0.603467228
298,0.518180544,0.965731877,0.828470516,0.753450279
299,0.58457474,0.404146746,0.852098469,0.758047761
300,0.737534486,0.454918643,0.876859719,0.779891432
301,0.671140291,0.454918643,0.722954199,0.648847863
302,0.737534486,0.454918643,0.493644884,0.345143843
303,0.58457474,0.721211653,0.474347531,0.308749249
304,0.372797118,0.965731877,0.844341722,0.627835194
305,0.518180544,0.965731877,0.868642727,0.68753385
306,0.737534486,0.721211653,0.67581736,0.777006737
307,0.737534486,0.721211653,0.534309195,0.730335364
308,0.671140291,0.965731877,0.795086212,0.751889335
309,0.671140291,0.965731877,0.746194693,0.820232878
310,0.525756864,0.965731877,0.777762368,0.817839887
311,0.737534486,0.965731877,0.877798914,0.883848043
312,0.671140291,0.721211653,0.798665394,0.625096628
313,0.525756864,0.721211653,0.761124503,0.754745943
314,0.525756864,0.721211653,0.675361432,0.552183816
315,0.525756864,0.965731877,0.696706994,0.651570349
316,0.59215106,0.965731877,0.81637067,0.934106779
317,0.737534486,0.965731877,0.645152755,0.804658556
318,0.59215106,0.965731877,0.651981112,0.832402499
319,0.439191313,0.965731877,0.669302888,0.764168685
320,0.59215106,0.965731877,0.490298871,0.667434792
321,0.671140291,0.965731877,0.68787732,0.717368439
322,0.671140291,0.965731877,0.781257518,0.659600714
323,0.439191313,0.965731877,0.694089102,0.711601067
324,0.737534486,0.137853737,0.723759615,0.67760015
325,0.59215106,0.721211653,0.837584487,0.749843042
326,0.737534486,0.454918643,0.959064516,0.933936455
327,0.737534486,0.454918643,0.378427462,0.372159702
328,0.737534486,0.965731877,0.911865245,0.82678963
329,0.671140291,0.721211653,0.833727955,0.6835688
330,0.59215106,0.721211653,0.667724945,0.783171745
331,0.671140291,0.721211653,0.427365441,0.526310755
332,0.518180544,0.965731877,0.748871558,0.658041754
333,0.518180544,0.965731877,0.785638664,0.742536791
334,0.671140291,0.965731877,0.822811095,0.794823687
335,0.671140291,0.965731877,0.813206682,0.828962709
336,0.525756864,0.965731877,0.735571952,0.80416356
337,0.518180544,0.965731877,0.790499746,0.824009712
338,0.671140291,0.965731877,0.827107819,0.757385824
339,0.737534486,0.965731877,0.863068817,0.660457883
340,0.525756864,0.721211653,0.700873066,0.645938356
341,0.525756864,0.965731877,0.779151771,0.570935391
342,0.525756864,0.965731877,0.61495199,0.377337819
343,0.518180544,0.721211653,0.549313028,0.599529158
344,0.737534486,0.965731877,0.801080134,0.895546044
345,0.59215106,0.965731877,0.760024398,0.82652731
346,0.58457474,0.965731877,0.884848797,0.847479969
347,0.525756864,0.965731877,0.794484994,0.83704319
348,0.372797118,0.965731877,0.131031117,0.154906423
349,0.518180544,0.965731877,0.125105282,0.143313414
350,0.737534486,0.965731877,0.252996121,0.266990487
351,0.737534486,0.965731877,0.200138863,0.185503534
352,0.59215106,0.965731877,0.194211818,0.14889159
353,0.59215106,0.721211653,0.161879959,0.094387096
354,0.439191313,0.721211653,0.039981594,0.019472668
355,0.525756864,0.721211653,0.283581485,0.318052971
356,0.737534486,0.137853737,0.257599207,0.416374463
357,0.671140291,0.721211653,0.378406425,0.476030579
358,0.518180544,0.965731877,0.342437327,0.493993337
359,0.58457474,0.965731877,0.3728906,0.538685424
360,0.737534486,0.965731877,0.306777352,0.388977687
361,0.525756864,0.721211653,0.086356506,0.056478676
362,0.525756864,0.454918643,0.075979433,0.069229349
363,0.372797118,0.137853737,0.037410858,0.030059506
364,0.372797118,0.137853737,0.034582683,0.032157475
365,0.372797118,0.454918643,0.036448213,0.029193419
366,0.372797118,0.721211653,0.106859164,0.062478416
367,0.372797118,0.721211653,0.117764806,0.059615763
368,0.59215106,0.137853737,0.207083904,0.251519912
369,0.737534486,0.404146746,0.151534544,0.16465481
370,0.59215106,0.404146746,0.139152555,0.151054595
371,0.737534486,0.137853737,0.127882381,0.119841418
372,0.518180544,0.965731877,0.121452988,0.190749195
373,0.518180544,0.965731877,0.114843901,0.177454139
374,0.58457474,0.965731877,0.532389862,0.458656562
375,0.518180544,0.721211653,0.063682177,0.033372382
376,0.372797118,0.404146746,0.050540818,0.023419629
377,0.518180544,0.137853737,0.068755019,0.084919386
378,0.372797118,0.137853737,0.057686378,0.048446077
379,0.737534486,0.137853737,0.316671742,0.582705304
380,0.737534486,0.137853737,0.237605693,0.414472911
381,0.59215106,0.721211653,0.540256226,0.667775311
382,0.518180544,0.965731877,0.613100597,0.584364094
383,0.671140291,0.965731877,0.243676775,0.268999734
384,0.525756864,0.965731877,0.247961909,0.226097889
385,0.59215106,0.965731877,0.212619402,0.195110718
386,0.372797118,0.965731877,0.243288262,0.23169767
387,0.737534486,0.404146746,0.147451024,0.176606655
388,0.525756864,0.965731877,0.059787781,0.045217064
389,0.671140291,0.965731877,0.059082667,0.04358261
390,0.372797118,0.721211653,0.046760408,0.040648805
391,0.525756864,0.137853737,0.080642462,0.046473992
392,0.737534486,0.137853737,0.137663594,0.172527692
393,0.525756864,0.721211653,0.092974958,0.08821735
394,0.372797118,0.137853737,0.062483035,0.095616126
395,0.58457474,0.965731877,0.400676162,0.53122
396,0.439191313,0.965731877,0.163484565,0.24172562
397,0.439191313,0.965731877,0.147538171,0.226250074
398,0.439191313,0.965731877,0.146765597,0.154542964
399,0.58457474,0.965731877,0.117646086,0.153789444
400,0.737534486,0.965731877,0.587139169,0.806084455
401,0.372797118,0.965731877,0.136341257,0.189812659
402,0.671140291,0.965731877,0.06592127,0.08537808
403,0.372797118,0.721211653,0.041833301,0.040316327
404,0.372797118,0.965731877,0.399563018,0.35177242
405,0.525756864,0.721211653,0.094559307,0.093536611
406,0.372797118,0.721211653,0.025225054,0.033972779
407,0.58457474,0.965731877,0.388613227,0.415682913
408,0.671140291,0.721211653,0.061267186,0.032831974
409,0.671140291,0.721211653,0.090193903,0.066588497
410,0.737534486,0.404146746,0.183243925,0.288303619
411,0.737534486,0.721211653,0.136341726,0.179628284
412,0.439191313,0.721211653,0.222066035,0.221841752
413,0.58457474,0.965731877,0.446511045,0.591736572
414,0.372797118,0.965731877,0.27335331,0.29747486
415,0.525756864,0.404146746,0.317148458,0.3202174
416,0.58457474,0.721211653,0.152644088,0.162268865
417,0.518180544,0.721211653,0.072396363,0.053473304
418,0.372797118,0.721211653,0.046855588,0.044692949
419,0.518180544,0.137853737,0.061248444,0.044795931
420,0.525756864,0.137853737,0.098778738,0.073972838
421,0.737534486,0.721211653,0.262963633,0.392565424
422,0.737534486,0.64866697,0.256943034,0.418336321
423,0.518180544,0.965731877,0.085366953,0.140666826
424,0.372797118,0.965731877,0.054300809,0.065520718
425,0.518180544,0.965731877,0.101138245,0.181004651
426,0.372797118,0.721211653,0.100526052,0.139065827
427,0.518180544,0.721211653,0.060043048,0.075846453
428,0.518180544,0.965731877,0.151871918,0.132714063
429,0.525756864,0.721211653,0.106809713,0.087311268
430,0.525756864,0.721211653,0.098935551,0.069778691
431,0.525756864,0.721211653,0.185006069,0.262016903
432,0.671140291,0.721211653,0.168619765,0.25855317
433,0.58457474,0.721211653,0.127431788,0.102010867
434,0.737534486,0.721211653,0.353061861,0.351892364
435,0.737534486,0.965731877,0.223688485,0.246239471
436,0.525756864,0.965731877,0.349080299,0.259130913
437,0.671140291,0.965731877,0.064762323,0.050081213
438,0.518180544,0.137853737,0.105914234,0.109195412
439,0.518180544,0.404146746,0.043188219,0.039191688
440,0.439191313,0.137853737,0.073278362,0.0672415
441,0.525756864,0.137853737,0.076171189,0.048438027
442,0.439191313,0.965731877,0.404050174,0.430525601
443,0.59215106,0.137853737,0.144897231,0.183657606
444,0.439191313,0.454918643,0.183137442,0.253283231
445,0.525756864,0.137853737,0.233010968,0.267573856
446,0.525756864,0.137853737,0.245794646,0.225442567
447,0.372797118,0.454918643,0.341810717,0.363783749
448,0.671140291,0.454918643,0.17461996,0.140578309
449,0.525756864,0.454918643,0.241080795,0.206593938
450,0.372797118,0.454918643,0.318011428,0.320693191
451,0.518180544,0.404146746,0.104845772,0.102113916
452,0.518180544,0.404146746,0.079216689,0.0554947
453,0.737534486,0.721211653,0.115026725,0.11313156
454,0.737534486,0.721211653,0.141178887,0.13021268
455,0.58457474,0.137853737,0.176585698,0.210603289
456,0.518180544,0.137853737,0.238396162,0.269172807
457,0.518180544,0.721211653,0.762766647,0.773023007
458,0.372797118,0.721211653,0.76881521,0.710223294
459,0.372797118,0.137853737,0.39515102,0.285032999
460,0.372797118,0.137853737,0.374081731,0.298837819
461,0.671140291,0.137853737,0.579582433,0.438735477
462,0.671140291,0.965731877,0.718458596,0.69174937
463,0.671140291,0.404146746,0.477115895,0.396351946
464,0.525756864,0.404146746,0.125057342,0.086161102
465,0.525756864,0.137853737,0.063040553,0.060445316
466,0.372797118,0.137853737,0.16815586,0.198017828
467,0.58457474,0.137853737,0.547341277,0.536717078
468,0.58457474,0.137853737,0.152116827,0.22330971
469,0.59215106,0.137853737,0.148092154,0.152296975
470,0.439191313,0.454918643,0.701536913,0.834479612
471,0.59215106,0.965731877,0.577097229,0.681810413
472,0.518180544,0.454918643,0.166971982,0.161221458
473,0.439191313,0.137853737,0.265763991,0.173985713
474,0.525756864,0.965731877,0.179293324,0.169797918
475,0.58457474,0.721211653,0.82295169,0.775600401
476,0.671140291,0.965731877,0.453607113,0.400525079
477,0.525756864,0.965731877,0.485062735,0.490476753
478,0.59215106,0.965731877,0.867244837,0.850364993
479,0.518180544,0.721211653,0.179422893,0.171610646
480,0.372797118,0.404146746,0.183642198,0.217113116
481,0.59215106,0.137853737,0.722580885,0.77025471
482,0.372797118,0.137853737,0.445357525,0.325367145
483,0.525756864,0.137853737,0.292759364,0.204399243
484,0.439191313,0.965731877,0.481639205,0.521670916
485,0.439191313,0.965731877,0.322497947,0.356772909
486,0.372797118,0.965731877,0.204079744,0.247231933
487,0.58457474,0.965731877,0.897377682,0.86583208
488,0.518180544,0.137853737,0.360455855,0.291861496
489,0.671140291,0.965731877,0.43306409,0.627756436
490,0.737534486,0.404146746,0.126174641,0.125832823
491,0.372797118,0.404146746,0.110468361,0.105362023
492,0.671140291,0.721211653,0.165740289,0.097951957
493,0.58457474,0.137853737,0.156117446,0.214501213
494,0.439191313,0.137853737,0.180333708,0.23970019
495,0.525756864,0.965731877,0.847129741,0.841912919
496,0.439191313,0.965731877,0.658761518,0.776670747
497,0.59215106,0.965731877,0.401012357,0.520849409
498,0.525756864,0.137853737,0.263422905,0.235339785
499,0.525756864,0.137853737,0.103385453,0.125479382
500,0.439191313,0.137853737,0.701819811,0.770826679
501,0.372797118,0.137853737,0.178895542,0.111612921
502,0.372797118,0.137853737,0.345054638,0.283129944
503,0.372797118,0.137853737,0.221578242,0.263777821
504,0.518180544,0.137853737,0.08410272,0.141839407
505,0.372797118,0.137853737,0.394178358,0.292480751
506,0.525756864,0.137853737,0.123072413,0.158346095
507,0.525756864,0.137853737,0.150708609,0.137714738
508,0.525756864,0.137853737,0.111667641,0.082243025
509,0.525756864,0.137853737,0.053235852,0.045245184
510,0.518180544,0.137853737,0.231727417,0.220453155
511,0.439191313,0.137853737,0.140193489,0.131249716
512,0.518180544,0.137853737,0.422961302,0.337704941
513,0.737534486,0.137853737,0.181671167,0.214273595
514,0.518180544,0.137853737,0.165301325,0.190586405
515,0.518180544,0.137853737,0.145734335,0.163160534
516,0.372797118,0.454918643,0.228314708,0.154675134
517,0.372797118,0.137853737,0.110679477,0.078179818
518,0.518180544,0.137853737,0.187555972,0.210062595
519,0.518180544,0.137853737,0.123312203,0.120964721
520,0.372797118,0.137853737,0.506874181,0.450147646
521,0.671140291,0.137853737,0.080536362,0.084929718
522,0.372797118,0.137853737,0.140424779,0.157554718
523,0.525756864,0.137853737,0.15104278,0.138740877
524,0.372797118,0.137853737,0.182389241,0.294381315
525,0.671140291,0.137853737,0.180749244,0.162480149
526,0.671140291,0.454918643,0.448533696,0.412025752
527,0.671140291,0.137853737,0.10351409,0.131972301
528,0.518180544,0.137853737,0.122804879,0.151839
529,0.372797118,0.137853737,0.19352835,0.19269998
530,0.372797118,0.137853737,0.215977587,0.265159253
531,0.372797118,0.137853737,0.14193437,0.193651304
532,0.372797118,0.137853737,0.200958404,0.150157848
533,0.372797118,0.137853737,0.483380509,0.491653211
534,0.372797118,0.137853737,0.411545933,0.42997231
535,0.372797118,0.454918643,0.346337976,0.348307829
536,0.372797118,0.454918643,0.330618355,0.189410729
537,0.372797118,0.454918643,0.372770002,0.285489537
538,0.372797118,0.965731877,0.548450082,0.507714967
539,0.518180544,0.137853737,0.202170451,0.175886023
540,0.737534486,0.137853737,0.50654999,0.50634874
541,0.518180544,0.137853737,0.390357343,0.277966893
542,0.671140291,0.721211653,0.290267724,0.31526089
543,0.671140291,0.699438867,0.361015655,0.272430601
544,0.525756864,0.454918643,0.254293519,0.206316378
545,0.671140291,0.454918643,0.428123084,0.519253946
546,0.59215106,0.454918643,0.267859954,0.50374373
547,0.372797118,0.965731877,0.582278768,0.386377514
548,0.525756864,0.965731877,0.709645843,0.661151915
549,0.518180544,0.965731877,0.434278841,0.441372433
550,0.372797118,0.137853737,0.257605257,0.179547388
551,0.439191313,0.137853737,0.387966198,0.422946195
552,0.525756864,0.965731877,0.240317557,0.286369331
553,0.518180544,0.721211653,0.577443398,0.422076981
554,0.525756864,0.965731877,0.596043889,0.524119562
555,0.525756864,0.721211653,0.548485397,0.393347804
556,0.671140291,0.137853737,0.37388339,0.408945052
557,0.518180544,0.137853737,0.340689044,0.376405159
558,0.525756864,0.137853737,0.164237175,0.230244254
559,0.58457474,0.137853737,0.605787491,0.534935075
560,0.372797118,0.137853737,0.468898378,0.46474862
561,0.58457474,0.454918643,0.3126116,0.189233532
562,0.525756864,0.965731877,0.830315228,0.762903987
563,0.439191313,0.137853737,0.255964599,0.207442885
564,0.671140291,0.965731877,0.665682469,0.660451155
565,0.372797118,0.137853737,0.088484107,0.089911265
566,0.372797118,0.137853737,0.106722562,0.11773288
567,0.372797118,0.454918643,0.635220495,0.5938362
568,0.671140291,0.965731877,0.829383122,0.841522873
569,0.525756864,0.965731877,0.291374622,0.327880234
570,0.525756864,0.965731877,0.682494744,0.556862446
571,0.525756864,0.965731877,0.468824396,0.369814323
572,0.439191313,0.721211653,0.264994664,0.203806169
573,0.737534486,0.137853737,0.512743133,0.610061026
574,0.671140291,0.699438867,0.503871898,0.395828385
575,0.671140291,0.454918643,0.477649156,0.277118163
576,0.59215106,0.454918643,0.622057588,0.450857576
577,0.439191313,0.965731877,0.335402953,0.710811895
578,0.671140291,0.965731877,0.836090305,0.82895958
579,0.525756864,0.965731877,0.770359216,0.76436348
580,0.59215106,0.137853737,0.286045866,0.178703897
581,0.518180544,0.137853737,0.273328449,0.352072601
582,0.671140291,0.965731877,0.373215485,0.236905527
583,0.737534486,0.965731877,0.412382881,0.320521972
584,0.372797118,0.721211653,0.326533803,0.252010122
585,0.525756864,0.721211653,0.384530547,0.425529315
586,0.671140291,0.137853737,0.232083794,0.160261415
587,0.58457474,0.137853737,0.271014602,0.364691123
588,0.525756864,0.454918643,0.543673907,0.454488519
589,0.525756864,0.454918643,0.3110036,0.280835169
590,0.372797118,0.965731877,0.800254855,0.816107314
591,0.372797118,0.137853737,0.278787864,0.328223626
592,0.439191313,0.137853737,0.550869013,0.477329944
593,0.372797118,0.137853737,0.210733393,0.128579663
594,0.372797118,0.137853737,0.17424617,0.149337966
595,0.518180544,0.137853737,0.161813842,0.118731233
596,0.59215106,0.137853737,0.16664743,0.110299183
597,0.372797118,0.137853737,0.448852276,0.359269965
598,0.525756864,0.137853737,0.289019725,0.172481726
599,0.518180544,0.137853737,0.189601521,0.151190923
600,0.58457474,0.137853737,0.197742163,0.326622936
601,0.671140291,0.137853737,0.491736571,0.443027411
602,0.737534486,0.137853737,0.270558613,0.284113378
603,0.518180544,0.404146746,0.253764471,0.237807716
604,0.525756864,0.721211653,0.339334345,0.40772411
605,0.372797118,0.137853737,0.216064539,0.072766458
606,0.372797118,0.137853737,0.208148777,0.086439368
607,0.372797118,0.137853737,0.33126506,0.251244784
608,0.372797118,0.137853737,0.449548482,0.273369562
609,0.671140291,0.137853737,0.160254444,0.10954541
610,0.372797118,0.137853737,0.355307839,0.256959984
611,0.58457474,0.137853737,0.507278472,0.443587189
612,0.372797118,0.137853737,0.225440623,0.131723889
613,0.372797118,0.137853737,0.343061118,0.17278384
614,0.59215106,0.137853737,0.535985103,0.273431538
615,0.59215106,0.137853737,0.173317613,0.123928689
616,0.439191313,0.137853737,0.127820653,0.091082669
617,0.58457474,0.137853737,0.197782951,0.244373696
618,0.518180544,0.454918643,0.379733858,0.437949821
619,0.372797118,0.137853737,0.133747706,0.084250422
620,0.671140291,0.137853737,0.210716521,0.093366793
621,0.518180544,0.137853737,0.405980468,0.166551447
622,0.372797118,0.137853737,0.150159873,0.12965552
623,0.525756864,0.137853737,0.178141891,0.107406064
624,0.372797118,0.137853737,0.221804794,0.09894805
625,0.518180544,0.137853737,0.396498702,0.306202659
626,0.525756864,0.137853737,0.330312302,0.200937936
627,0.525756864,0.137853737,0.161732374,0.188783082
628,0.525756864,0.137853737,0.17484057,0.127693347
629,0.525756864,0.137853737,0.183595571,0.21063694
630,0.518180544,0.137853737,0.199863127,0.198196122
631,0.737534486,0.137853737,0.198797302,0.130416855
632,0.372797118,0.137853737,0.217827578,0.167000634
633,0.525756864,0.721211653,0.49298202,0.476173194
634,0.372797118,0.721211653,0.457322608,0.429576895
635,0.518180544,0.137853737,0.202928626,0.184934708
636,0.58457474,0.137853737,0.182069948,0.127903633
637,0.518180544,0.137853737,0.377929272,0.278726783
638,0.59215106,0.137853737,0.648080008,0.67682046
639,0.525756864,0.137853737,0.370434259,0.325980775
640,0.518180544,0.137853737,0.602987933,0.415712924
641,0.518180544,0.137853737,0.415297428,0.418388595
642,0.372797118,0.137853737,0.396960487,0.548238869
643,0.518180544,0.137853737,0.469506277,0.581128827
644,0.671140291,0.137853737,0.367251599,0.188378493
645,0.372797118,0.137853737,0.155839931,0.165819162
646,0.518180544,0.137853737,0.213829656,0.170049563
647,0.59215106,0.137853737,0.663207162,0.42748392
648,0.525756864,0.137853737,0.228344511,0.096580527
649,0.372797118,0.137853737,0.414003321,0.291049988
650,0.671140291,0.137853737,0.209221518,0.124962405
651,0.525756864,0.137853737,0.132127905,0.077399821
652,0.671140291,0.137853737,0.529407156,0.394356084
653,0.59215106,0.137853737,0.316172269,0.225675838
654,0.372797118,0.137853737,0.457992987,0.38876328
655,0.525756864,0.137853737,0.130816821,0.102170729
656,0.372797118,0.137853737,0.64542433,0.587224892
657,0.671140291,0.965731877,0.657176055,0.781027433
658,0.737534486,0.965731877,0.947612872,0.967297153
659,0.737534486,0.965731877,0.797147113,0.87801301
660,0.58457474,0.965731877,0.688847477,0.78007795
661,0.59215106,0.965731877,0.958050195,0.969683909
662,0.737534486,0.965731877,0.94611732,0.974818798
663,0.737534486,0.965731877,0.97961088,0.984423646
664,0.737534486,0.965731877,0.725330689,0.876915716
665,0.58457474,0.137853737,0.632867855,0.470100715
666,0.525756864,0.965731877,0.821542354,0.91251327
667,0.525756864,0.965731877,0.866146965,0.949401971
668,0.58457474,0.965731877,0.958845944,0.979222373
669,0.58457474,0.965731877,0.961934907,0.985291192
670,0.737534486,0.965731877,0.990427722,0.994122049
671,0.59215106,0.699438867,0.520583541,0.661539611
672,0.737534486,0.965731877,0.53345788,0.64922562
673,0.737534486,0.965731877,0.921390381,0.961375895
674,0.59215106,0.965731877,0.817062262,0.90764225
675,0.59215106,0.721211653,0.990765969,0.990256244
676,0.59215106,0.721211653,0.502768631,0.510649795
677,0.671140291,0.454918643,0.64909836,0.699169836
678,0.518180544,0.64866697,0.932767506,0.932308498
679,0.58457474,0.965731877,0.864980054,0.902326623
680,0.737534486,0.965731877,0.98778628,0.98920636
681,0.518180544,0.965731877,0.889394236,0.926961124
682,0.518180544,0.965731877,0.834466484,0.820180146
683,0.737534486,0.965731877,0.987127779,0.987335215
684,0.58457474,0.699438867,0.758232316,0.740928649
685,0.439191313,0.699438867,0.936554892,0.945457376
686,0.59215106,0.137853737,0.738138305,0.697434641
687,0.59215106,0.137853737,0.413468536,0.408721654
688,0.737534486,0.137853737,0.797962369,0.589129777
689,0.671140291,0.965731877,0.845869148,0.927487904
690,0.58457474,0.965731877,0.948080715,0.977154976
691,0.525756864,0.137853737,0.633607383,0.626645604
692,0.58457474,0.137853737,0.642092737,0.584976906
693,0.737534486,0.965731877,0.992019888,0.996274457
694,0.671140291,0.965731877,0.972287522,0.974529443
695,0.737534486,0.965731877,0.982937839,0.972434365
696,0.737534486,0.965731877,0.99387356,0.995115019
697,0.737534486,0.965731877,0.994313735,0.996243414
698,0.737534486,0.965731877,0.955861208,0.965435836
699,0.59215106,0.965731877,0.984636938,0.985457225
700,0.58457474,0.965731877,0.875791682,0.948305195
701,0.737534486,0.965731877,0.626657798,0.632076658
702,0.737534486,0.965731877,0.98288432,0.987988349
703,0.737534486,0.965731877,0.952658348,0.972095955
704,0.737534486,0.965731877,0.879216769,0.959036205
705,0.737534486,0.965731877,0.985958899,0.991558095
706,0.671140291,0.965731877,0.973270014,0.986773998
707,0.737534486,0.965731877,0.923001873,0.973964713
708,0.737534486,0.965731877,0.975184466,0.985648685
709,0.737534486,0.965731877,0.963307241,0.988101834
710,0.671140291,0.965731877,0.976107012,0.990562826
711,0.737534486,0.965731877,0.991656968,0.995208391
712,0.59215106,0.721211653,0.975974786,0.984263381
713,0.59215106,0.721211653,0.958318989,0.983244791
714,0.737534486,0.965731877,0.975865818,0.98682849
715,0.737534486,0.965731877,0.940645174,0.984767025
716,0.58457474,0.965731877,0.959554716,0.945549111
717,0.58457474,0.965731877,0.824168486,0.805087657
718,0.671140291,0.965731877,0.893009342,0.934266274
719,0.58457474,0.965731877,0.983092728,0.981232097
720,0.58457474,0.965731877,0.961343508,0.966859704
721,0.737534486,0.965731877,0.974026794,0.94647963
722,0.737534486,0.965731877,0.973448168,0.980207803
723,0.59215106,0.965731877,0.988190046,0.98816902
724,0.58457474,0.699438867,0.68303549,0.81477641
725,0.737534486,0.454918643,0.735954267,0.871766674
726,0.58457474,0.965731877,0.971413823,0.970049461
727,0.737534486,0.965731877,0.830787777,0.889030873
728,0.518180544,0.137853737,0.936731422,0.91098311
729,0.671140291,0.137853737,0.790605268,0.69547451
730,0.58457474,0.137853737,0.583756971,0.699436854
731,0.737534486,0.721211653,0.897864397,0.904523178
732,0.518180544,0.965731877,0.881192593,0.93183295
733,0.518180544,0.965731877,0.904171818,0.91353888
734,0.737534486,0.137853737,0.941460987,0.897429227
735,0.737534486,0.721211653,0.869785287,0.883766845
736,0.671140291,0.454918643,0.863390475,0.809881041
737,0.737534486,0.137853737,0.735245315,0.545835048
738,0.518180544,0.137853737,0.616487024,0.507496831
739,0.737534486,0.721211653,0.620807771,0.526899496
740,0.737534486,0.721211653,0.414299835,0.352480903
741,0.518180544,0.137853737,0.406262897,0.491230545
742,0.58457474,0.404146746,0.494321944,0.383815282
743,0.737534486,0.404146746,0.944664453,0.932756538
744,0.737534486,0.965731877,0.952681423,0.935385342
745,0.737534486,0.965731877,0.613130714,0.789054234
746,0.372797118,0.137853737,0.694887576,0.463814557
747,0.58457474,0.965731877,0.499172788,0.544337911
748,0.439191313,0.965731877,0.318978398,0.332280055
749,0.518180544,0.404146746,0.979062237,0.965963436
750,0.737534486,0.965731877,0.941274981,0.945397183
751,0.671140291,0.721211653,0.954656797,0.966126358
752,0.737534486,0.721211653,0.973345112,0.965559754
753,0.737534486,0.721211653,0.975029058,0.970587936
754,0.59215106,0.721211653,0.843394282,0.826332894
755,0.59215106,0.721211653,0.840019579,0.831172831
756,0.671140291,0.965731877,0.939164224,0.941619735
757,0.518180544,0.965731877,0.765968112,0.79227423
758,0.59215106,0.965731877,0.991352889,0.993189407
759,0.372797118,0.454918643,0.773005532,0.848901964
760,0.737534486,0.137853737,0.936374579,0.950964689
761,0.737534486,0.721211653,0.975483932,0.97233977
762,0.737534486,0.965731877,0.988815587,0.988606451
763,0.59215106,0.965731877,0.983555082,0.981083266
764,0.737534486,0.965731877,0.994898111,0.996919725
765,0.439191313,0.137853737,0.669293102,0.494626425
766,0.58457474,0.137853737,0.555000273,0.702471306
767,0.671140291,0.965731877,0.971214715,0.959855267
768,0.671140291,0.965731877,0.968400899,0.982852168
769,0.671140291,0.721211653,0.95735979,0.962034958
770,0.671140291,0.721211653,0.963397879,0.975177683
771,0.671140291,0.721211653,0.975175877,0.979982541
772,0.671140291,0.721211653,0.972624922,0.973293717
773,0.518180544,0.137853737,0.905290312,0.909051788
774,0.59215106,0.721211653,0.63240329,0.695657111
775,0.737534486,0.137853737,0.987924014,0.985070841
776,0.737534486,0.137853737,0.980294395,0.979622092
777,0.737534486,0.64866697,0.992681065,0.994231858
778,0.671140291,0.965731877,0.987675456,0.987425455
779,0.737534486,0.965731877,0.982582279,0.984044457
780,0.59215106,0.965731877,0.882913631,0.895604163
781,0.59215106,0.965731877,0.968228654,0.979419387
782,0.737534486,0.64866697,0.930277104,0.955532021
783,0.737534486,0.965731877,0.880224228,0.927482382
784,0.737534486,0.64866697,0.934136999,0.950808116
785,0.737534486,0.965731877,0.902151494,0.938971929
786,0.518180544,0.965731877,0.931389498,0.95820134
787,0.737534486,0.965731877,0.911981708,0.921483196
788,0.59215106,0.965731877,0.723873236,0.792565188
789,0.671140291,0.965731877,0.907123852,0.846038759
790,0.518180544,0.965731877,0.847742642,0.693686178
791,0.59215106,0.965731877,0.277558568,0.469067099
792,0.737534486,0.965731877,0.319095821,0.408264815
793,0.439191313,0.965731877,0.944505684,0.916914535
794,0.58457474,0.965731877,0.779571741,0.84639519
795,0.737534486,0.965731877,0.97445162,0.982457166
796,0.58457474,0.965731877,0.960509141,0.968141387
797,0.737534486,0.965731877,0.859854941,0.95203463
798,0.737534486,0.965731877,0.889378388,0.835171295
799,0.59215106,0.965731877,0.900546093,0.898189963
800,0.439191313,0.965731877,0.852038006,0.863337226
801,0.525756864,0.965731877,0.717251006,0.843798513
802,0.737534486,0.965731877,0.778054689,0.901276216
803,0.737534486,0.965731877,0.928789696,0.967612494
804,0.737534486,0.965731877,0.781007783,0.892667475
805,0.59215106,0.965731877,0.814742081,0.905486828
806,0.737534486,0.965731877,0.980984241,0.987057041
807,0.737534486,0.965731877,0.96155776,0.959737896
808,0.372797118,0.965731877,0.9233125,0.925599444
809,0.59215106,0.965731877,0.465207194,0.557972803
810,0.59215106,0.965731877,0.983406678,0.984126548
811,0.737534486,0.965731877,0.966907411,0.943007731
812,0.737534486,0.965731877,0.92446199,0.93703398
813,0.671140291,0.965731877,0.93410008,0.903916031
814,0.58457474,0.965731877,0.807168292,0.738127936
815,0.737534486,0.965731877,0.968811791,0.980017387
816,0.737534486,0.965731877,0.972469844,0.979753775
817,0.59215106,0.965731877,0.944647856,0.958416403
818,0.58457474,0.137853737,0.573367956,0.469885839
819,0.59215106,0.137853737,0.430980741,0.265432145
820,0.58457474,0.137853737,0.596063261,0.529844632
821,0.58457474,0.137853737,0.476139885,0.421693187
822,0.737534486,0.721211653,0.799261302,0.887809456
823,0.525756864,0.721211653,0.645772077,0.744554136
824,0.59215106,0.721211653,0.513983826,0.63277355
825,0.58457474,0.721211653,0.727724648,0.745175241
826,0.737534486,0.721211653,0.738513686,0.66204976
827,0.737534486,0.137853737,0.70889638,0.606672687
828,0.525756864,0.137853737,0.253377582,0.362543632
829,0.671140291,0.137853737,0.230293086,0.235986875
830,0.737534486,0.137853737,0.151420979,0.161190621
831,0.518180544,0.137853737,0.396044367,0.497871902
832,0.518180544,0.137853737,0.540878039,0.540904453
833,0.525756864,0.137853737,0.532001522,0.446862042
834,0.518180544,0.137853737,0.561306501,0.554113111
835,0.737534486,0.965731877,0.832109511,0.828470785
836,0.518180544,0.965731877,0.675793847,0.819592572
837,0.737534486,0.721211653,0.906625921,0.785259318
838,0.58457474,0.721211653,0.793352957,0.636302396
839,0.518180544,0.721211653,0.125643548,0.119506529
840,0.372797118,0.721211653,0.167145865,0.086864251
841,0.525756864,0.721211653,0.253677161,0.192319395
842,0.59215106,0.137853737,0.771506556,0.596423148
843,0.58457474,0.137853737,0.534991824,0.551292908
844,0.737534486,0.137853737,0.468189733,0.48229815
845,0.525756864,0.137853737,0.341493145,0.42181947
846,0.372797118,0.137853737,0.502446618,0.472907688
847,0.372797118,0.137853737,0.583549005,0.665511453
848,0.737534486,0.965731877,0.810546607,0.865569915
849,0.372797118,0.454918643,0.171975896,0.118922803
850,0.439191313,0.137853737,0.370097186,0.376073524
851,0.59215106,0.137853737,0.519130512,0.4398315
852,0.59215106,0.137853737,0.309330299,0.434408549
853,0.518180544,0.137853737,0.399572303,0.492896566
854,0.518180544,0.137853737,0.656650794,0.522076955
855,0.439191313,0.137853737,0.955069793,0.972318629
856,0.737534486,0.454918643,0.833813773,0.888109976
857,0.525756864,0.965731877,0.880134398,0.884311149
858,0.372797118,0.454918643,0.270404444,0.334919729
859,0.737534486,0.454918643,0.608020248,0.568668487
860,0.518180544,0.137853737,0.55918632,0.597951965
861,0.58457474,0.137853737,0.572162418,0.460545125
862,0.525756864,0.404146746,0.784247749,0.874624498
863,0.671140291,0.404146746,0.807877007,0.842435594
864,0.59215106,0.404146746,0.954543217,0.968140542
865,0.58457474,0.137853737,0.530061595,0.63693293
866,0.58457474,0.137853737,0.574787583,0.47436948
867,0.737534486,0.137853737,0.561923745,0.725718502
868,0.737534486,0.137853737,0.4542355,0.555647105
869,0.737534486,0.137853737,0.336075037,0.421102052
870,0.439191313,0.137853737,0.930624214,0.920172657
871,0.737534486,0.137853737,0.882768473,0.861766528
872,0.59215106,0.137853737,0.905122016,0.880446902
873,0.439191313,0.454918643,0.806991311,0.716835804
874,0.58457474,0.965731877,0.726731049,0.694335347
875,0.372797118,0.454918643,0.792230889,0.883956347
876,0.518180544,0.721211653,0.863032078,0.930189167
877,0.58457474,0.965731877,0.944456917,0.908376086
878,0.58457474,0.965731877,0.871979955,0.900661618
879,0.58457474,0.965731877,0.920024988,0.934500288
880,0.439191313,0.721211653,0.606344857,0.747922054
881,0.439191313,0.721211653,0.509040498,0.606103959
882,0.439191313,0.721211653,0.641378796,0.75957176
883,0.59215106,0.454918643,0.338434586,0.480015295
884,0.59215106,0.454918643,0.373228877,0.316660756
885,0.518180544,0.721211653,0.85868255,0.851211096
886,0.58457474,0.721211653,0.41980396,0.437076507
887,0.372797118,0.721211653,0.6105989,0.702292106
888,0.671140291,0.721211653,0.914815364,0.922450302
889,0.59215106,0.404146746,0.917277011,0.945865301
890,0.671140291,0.721211653,0.92774573,0.956052677
891,0.737534486,0.137853737,0.986683886,0.98946693
892,0.372797118,0.137853737,0.975271379,0.970687388
893,0.525756864,0.137853737,0.391234377,0.395022208
894,0.671140291,0.137853737,0.673008312,0.72799926
895,0.518180544,0.721211653,0.764914049,0.834248841
896,0.372797118,0.721211653,0.584920226,0.569945402
897,0.737534486,0.137853737,0.729512636,0.797578
898,0.737534486,0.137853737,0.192407242,0.167628032
899,0.525756864,0.137853737,0.300900394,0.218334081
900,0.58457474,0.965731877,0.669710354,0.51341982
901,0.58457474,0.965731877,0.788355521,0.624057371
902,0.518180544,0.137853737,0.337132793,0.247017964
903,0.58457474,0.137853737,0.36390999,0.18820536
904,0.671140291,0.137853737,0.463845874,0.332830564
905,0.58457474,0.137853737,0.558629365,0.574215543
906,0.737534486,0.404146746,0.484202974,0.422317661
907,0.58457474,0.137853737,0.397463826,0.312709168
908,0.58457474,0.137853737,0.278696043,0.254884863
909,0.518180544,0.137853737,0.147438284,0.1423824
910,0.58457474,0.137853737,0.500523687,0.443707758
911,0.737534486,0.137853737,0.339400214,0.278486193
912,0.58457474,0.137853737,0.333438781,0.242613417
913,0.737534486,0.137853737,0.220484749,0.191416868
914,0.737534486,0.137853737,0.474436294,0.456923767
915,0.737534486,0.137853737,0.421283878,0.336549932
916,0.737534486,0.137853737,0.914093225,0.833056973
917,0.439191313,0.721211653,0.513797929,0.568670469
918,0.439191313,0.965731877,0.950179242,0.952547203
919,0.518180544,0.965731877,0.351565418,0.383886963
920,0.58457474,0.965731877,0.560489343,0.48132231
921,0.58457474,0.137853737,0.802391064,0.798379425
922,0.372797118,0.137853737,0.201778681,0.253049483
923,0.58457474,0.137853737,0.498837878,0.561278702
924,0.518180544,0.137853737,0.536579965,0.263799569
925,0.372797118,0.137853737,0.33454406,0.225445685
926,0.737534486,0.137853737,0.402327966,0.246461398
927,0.59215106,0.137853737,0.277854443,0.132828866
928,0.671140291,0.137853737,0.396269413,0.280397566
929,0.737534486,0.404146746,0.847920149,0.832611671
930,0.518180544,0.721211653,0.808248187,0.771057946
931,0.671140291,0.137853737,0.326392935,0.20788125
932,0.671140291,0.137853737,0.298191335,0.208330928
933,0.58457474,0.137853737,0.065364935,0.060937316
934,0.372797118,0.137853737,0.053965667,0.036905258
935,0.372797118,0.137853737,0.04428649,0.039910129
936,0.372797118,0.137853737,0.103521054,0.10685227
937,0.59215106,0.38237396,0.259423778,0.278871624
938,0.58457474,0.137853737,0.186429831,0.157064586
939,0.737534486,0.137853737,0.29086734,0.203659238
940,0.518180544,0.137853737,0.420467483,0.400938226
941,0.737534486,0.137853737,0.640909528,0.409107651
942,0.58457474,0.965731877,0.608933596,0.745621405
943,0.58457474,0.965731877,0.31353694,0.32298127
944,0.439191313,0.965731877,0.56046711,0.511165647
945,0.58457474,0.965731877,0.507676786,0.483110188
946,0.671140291,0.137853737,0.287126447,0.208257085
947,0.518180544,0.137853737,0.317565212,0.229264356
948,0.59215106,0.137853737,0.318879963,0.189353715
949,0.58457474,0.137853737,0.442384102,0.303036091
950,0.58457474,0.137853737,0.190103655,0.119608575
951,0.372797118,0.137853737,0.222964821,0.136847522
952,0.518180544,0.137853737,0.379789835,0.221219532
953,0.58457474,0.137853737,0.953078192,0.933951333
954,0.525756864,0.137853737,0.283984568,0.272642567
955,0.671140291,0.137853737,0.482547124,0.3958288
956,0.671140291,0.137853737,0.296162561,0.183654856
957,0.671140291,0.137853737,0.757145434,0.565423928
958,0.525756864,0.137853737,0.082061442,0.050290036
959,0.518180544,0.137853737,0.04623072,0.027224573
960,0.737534486,0.137853737,0.195856699,0.177204903
961,0.737534486,0.454918643,0.724211675,0.801006158
962,0.58457474,0.454918643,0.725399719,0.718574433
963,0.737534486,0.965731877,0.860832173,0.899563631
964,0.59215106,0.137853737,0.852075591,0.907806886
965,0.737534486,0.721211653,0.904534721,0.917095439
966,0.59215106,0.721211653,0.473089836,0.477497597
967,0.525756864,0.137853737,0.314192035,0.297056045
968,0.59215106,0.137853737,0.288625694,0.356842851
969,0.737534486,0.137853737,0.704029219,0.620085602
970,0.737534486,0.137853737,0.724922474,0.513818601
971,0.372797118,0.721211653,0.603852429,0.447668599
972,0.58457474,0.721211653,0.288812253,0.244575525
973,0.737534486,0.137853737,0.363185281,0.298768199
974,0.439191313,0.137853737,0.18592728,0.179562794
975,0.58457474,0.454918643,0.600445966,0.508516846
976,0.58457474,0.721211653,0.613779426,0.756652812
977,0.439191313,0.965731877,0.300191711,0.367324827
978,0.59215106,0.454918643,0.550507888,0.504351535
979,0.737534486,0.137853737,0.465245996,0.423217661
980,0.525756864,0.137853737,0.587469053,0.520030013
981,0.372797118,0.137853737,0.337379275,0.214257471
982,0.58457474,0.137853737,0.43963236,0.3231224
983,0.58457474,0.137853737,0.237319681,0.184820676
984,0.58457474,0.137853737,0.685146738,0.54204172
985,0.671140291,0.965731877,0.496374058,0.63841314
986,0.59215106,0.965731877,0.982821953,0.985860174
987,0.372797118,0.137853737,0.547935072,0.611596871
988,0.58457474,0.137853737,0.441574422,0.413877097
989,0.58457474,0.137853737,0.307300113,0.331124237
990,0.737534486,0.137853737,0.753938038,0.621173984
991,0.737534486,0.137853737,0.706274185,0.4491541
992,0.671140291,0.137853737,0.192792912,0.15034542
993,0.439191313,0.454918643,0.781356789,0.865329634
994,0.59215106,0.721211653,0.988652113,0.989522761
995,0.737534486,0.454918643,0.634339362,0.583656754
996,0.518180544,0.721211653,0.209644689,0.257171271
997,0.737534486,0.137853737,0.598982114,0.606564629
998,0.737534486,0.137853737,0.733208511,0.648572878
999,0.58457474,0.454918643,0.659561256,0.657859864