"From DT,RF"
0.5677244336806979,-0.13053440526585425,ET
0.5685112980979654,-0.12992174632391207,ET
0.5691032947279886,-0.128776744330379,ET
0.5707040779120867,-0.1280863071214372,ET
0.5715897346162941,-0.13049592652587905,ET
0.5720752981604722,-0.12940512092743434,ET
0.573716937847327,-0.1285006691629812,ET
0.5737519676970644,-0.12655170517677694,ET
0.5741543829688136,-0.1285466389254093,ET
0.5758628935309084,-0.12287322030456826,ET
0.5770462790012865,-0.11927620416311069,ET
0.5772288773871503,-0.12377395500612592,ET
0.5781010756478229,-0.12191225550233364,ET
0.5786882776452686,-0.12432224170512085,ET
0.5796460384857959,-0.12675929568856292,ET
0.582681443537782,-0.11602689845357106,ET
0.5836199890432446,-0.10717380653613462,ET
0.5836901412430391,-0.12364137260942665,ET
0.5840858927158723,-0.11950270410462105,ET
0.5861751902344391,-0.12309902591563793,ET
0.5870747489731911,-0.11539151913911272,ET
0.5875880270231687,-0.12076239548993539,ET
0.5879646551193028,-0.12062914075281939,ET
0.5928160012024517,-0.12406220751478136,ET
0.5933083728807367,-0.10902985514724728,ET
0.5936941797244673,-0.12297613253242057,ET
0.5938942906880212,-0.10734456141868143,ET
0.5946372083147609,-0.11979749266851669,ET
0.595183156069825,-0.1026438160363552,GNB
0.5959259053430166,-0.11769030304321182,ET
0.5960580899418297,-0.10265061744992965,ET
0.597179503104671,-0.11745438335459601,ET
0.6018422244941539,-0.11860132779596566,ET
0.6042543591494138,-0.10451314398803935,GNB
0.6087860907779402,-0.12821550142917737,ET
0.6109749675342389,-0.10587683973262485,GNB
0.6110471256058815,-0.10589138190941128,GNB
0.6140794945147021,-0.07571759807680623,ET
0.6174147983078021,-0.10716623071009157,GNB
0.6180426203492572,-0.10729101400447394,GNB
0.6219484433550219,-0.10806360610879084,GNB
0.6219766849514698,-0.11435596668794168,ET
0.6252140552933101,-0.10962657680237475,ET
0.628116790727004,-0.11079844595266086,ET
0.6299234659269718,-0.1185231963006036,ET
0.6310747937769114,-0.11696571396654787,ET
0.6316727745140108,-0.07878219317089707,ET
0.6355097755391241,-0.04815832375897622,ET
0.6357317211507612,-0.1107378841085278,GNB
0.6361013199083045,-0.11080845456628641,GNB
0.6364825307805717,-0.12951540796289085,ET
0.6415457529591574,-0.09786318232797275,ET
0.6441793530143326,-0.09826100442442798,ET
0.6486915032191066,-0.10357904407173935,ET
0.6501901685456856,-0.11345271432256876,GNB
0.6504198817750675,-0.11527717337965548,ET
0.653405069334101,-0.11404332350651758,GNB
0.6554161305963511,-0.11441030539825958,GNB
0.6570909297653278,-0.1224840820391433,ET
0.65893302717645,-0.11504745648887138,GNB
0.6590575226679752,-0.13570641849984655,ET
0.6665274646393653,-0.11640295393606359,GNB
0.6671918949662575,-0.005450056433443873,ET
0.6695566892840513,-0.11693571558085658,GNB
0.6696867978255809,-0.11695849582461615,GNB
0.6720853353139722,-0.14062986459898297,ET
0.6731193690657462,-0.13077147542838496,ET
0.6744862642051335,-0.1177928583612069,GNB
0.6752291534632149,-0.13748004754935084,ET
0.6755051243769817,0.02637079029971834,ET
0.6759412363451631,-0.12499159320835318,ET
0.6763132658781678,-0.12619448242090037,ET
0.6774943206588188,-0.11830981554903042,GNB
0.677808480070335,-0.07566611563623049,ET
0.6791063206181243,-0.11858493013754678,GNB
0.6799203187397058,-0.11872333964664028,GNB
0.680420404591972,-0.11880820123506453,GNB
0.6805786411903213,-0.134579910774007,ET
0.6818384555263723,-0.1232504726759911,ET
0.6829678620198583,-0.12759357468193777,ET
0.6850840293219184,-0.06690050090514155,ET
0.686014963770962,-0.12831707787458202,ET
0.6862200606816236,-0.11978274854487125,GNB
0.6879530285651669,-0.07727422285129992,ET
0.6889902409490148,-0.13316945122564705,ET
0.6924955528322316,-0.11752792114295307,ET
0.6941846023175995,-0.12109162451906785,GNB
0.6949078943107828,-0.12542579633095063,ET
0.695368396868067,-0.12163379714002465,ET
0.6996753345883264,-0.12197355793249198,GNB
0.7011544689384702,-0.03743805095014785,ET
0.7011791801981551,-0.12252608310129676,ET
0.7038098807342097,-0.12262637999771087,GNB
0.7048571807368945,-0.12279018013144372,GNB
0.7063271040351802,-0.12301900317217584,GNB
0.7072982186114511,0.018423132827374622,ET
0.7088694974500267,-0.1234117870787117,GNB
0.710540045439142,-0.1430304832188678,ET
0.7115031187151886,-0.1238146272079359,GNB
0.7145476535745385,-0.0576721198766883,ET
0.7166566697929901,-0.12459083448560104,GNB
0.7183505103497421,-0.12484240877333963,GNB
0.7187495964542581,-0.1269013179528402,ET
0.7199458524071989,-0.12533083623392316,ET
0.7204172524170068,-0.12514695740545023,GNB
0.7213082132301678,-0.12963751345387464,ET
0.7213243814948775,-0.12527978615799618,GNB
0.7230406761790251,-0.11733544836389298,ET
0.7235584320549068,-0.1256047011961514,GNB
0.7237560903252238,-0.13738861798241586,ET
0.7245309990491501,-0.12574515942970854,GNB
0.728205358635199,-0.12394192017459493,ET
0.7290969219190562,-0.14174109255675893,ET
0.7292467923992112,-0.12820340378299488,ET
0.7310776350657427,-0.13096596527496995,ET
0.7315861749239517,-0.1323254373469287,ET
0.7320193624759495,-0.1303575030871078,ET
0.73473937482711,-0.1355468035977776,ET
0.7348480907319979,-0.11131104657588797,ET
0.7357520405598503,-0.09227658898792013,ET
0.7358066734626504,-0.12732867989345364,GNB
0.7362371268226624,-0.026517988283918603,ET
0.7363194211611548,-0.12236804175253535,ET
0.7381205314739787,-0.15100238171874736,ET
0.7386855776436103,-0.14851812315615154,ET
0.7386861904942807,-0.1230425601169266,ET
0.7407144205126901,-0.14809234504282676,ET
0.7410596406440435,-0.12277063407816258,ET
0.7411506889235979,-0.11947197132335341,ET
0.7411566076230359,-0.14697470293358583,ET
0.7412780631673102,-0.12364690683993285,ET
0.7428345555600739,-0.1282723966726207,GNB
0.7430613880142307,-0.1306373177592116,ET
0.7431384813206124,-0.12831243405742487,GNB
0.7445413580902056,-0.14501058535232325,ET
0.7446608231132156,-0.13753187206158046,ET
0.7455665241885995,-0.14141881619499175,ET
0.7457069546340973,-0.14400426768922991,ET
0.746004953012275,-0.12868682926836406,GNB
0.7462598008274468,-0.1455304487136081,ET
0.7469638484805836,-0.12952281606478588,ET
0.7471732154397072,-0.12883773633249662,GNB
0.7478966266601839,-0.12677136740085715,ET
0.7482119131602043,-0.10393404985849375,ET
0.7483245580145916,-0.12719766600584825,ET
0.7492133827601657,-0.12909890726968476,GNB
0.7496705219347304,-0.06919857563178733,ET
0.7501231214109074,-0.11495444640652197,ET
0.7501473263755061,-0.11344963118157714,ET
0.750592769594481,-0.12927377198434753,GNB
0.7512644144101767,-0.1293584110705902,GNB
0.7513834012440519,-0.11792813071104025,ET
0.7521885859766307,-0.12947432900566203,GNB
0.7524962798297956,-0.12951278243238107,GNB
0.7526790239407648,-0.14483532671077592,ET
0.7531051738962264,-0.14234768358703342,ET
0.7534156560119531,-0.12147599614726445,ET
0.7541650349456601,-0.12972010406701795,GNB
0.7543430661499072,-0.1146833623136978,ET
0.7558348804028958,-0.08244155339745651,ET
0.7563608118050537,-0.1299897173554686,GNB
0.7598206781067374,-0.1415361336909703,ET
0.7607485279799093,-0.08339891830626889,ET
0.7608886461709308,-0.1305340661693164,GNB
0.7610163103585905,-0.08938403860026811,ET
0.7638130117666524,-0.13434022973258009,ET
0.7651998567044498,-0.11890192358027363,ET
0.7664800024605289,-0.07786705944869754,ET
0.7672318139484913,-0.1312696695343466,GNB
0.768773252984063,-0.14551349850322448,ET
0.7690132403590482,-0.13461211886106528,ET
0.7702759509128069,-0.125500736234048,ET
0.7709009500989802,-0.13168036466720034,GNB
0.77158613631288,-0.1317558300314552,GNB
0.7721307004979855,-0.13371809255238298,ET
0.7722941213025274,-0.14747862358019703,ET
0.7728171119612545,-0.13277939278705364,ET
0.7735537437191529,-0.1338690199012028,ET
0.7737006372168279,-0.08519354172475335,ET
0.773718998316504,0.011996403620807228,ET
0.7743946182358954,-0.13206104867448587,GNB
0.7750178575832949,-0.14282015222105737,ET
0.77542339472422,-0.13217118673938844,GNB
0.7769002376226197,-0.12314505664227804,ET
0.7787763833868395,-0.11595721407301962,ET
0.7791263645523038,-0.09095531663125622,ET
0.7792168648010325,-0.1325694552196106,GNB
0.7800514341257415,-0.10850985890508336,ET
0.7801403431202931,-0.13266451662363643,GNB
0.7807909903938285,-0.1327310430052765,GNB
0.7807936964446649,-0.07557555312701902,ET
0.7808529261338809,-0.12183545236449689,ET
0.7812300487573927,-0.13277572392259707,GNB
0.7819156981329566,0.08910803413624735,ET
0.7826181622101713,-0.13291585975588083,GNB
0.7827479799897219,-0.025274859378297876,ET
0.7834685087420837,-0.1046813125132745,ET
0.7842286381638952,-0.08239771875847979,ET
0.7843581741839907,-0.1419846252374013,ET
0.7874496165404277,-0.13339007557836235,GNB
0.7894443952736898,-0.059333463793926566,ET
0.7905710649266267,-0.1367862610125078,ET
0.7919654777335328,-0.08139998052720354,ET
0.7921428541334596,-0.1338300809696611,GNB
0.7928379205671298,-0.13389347509570249,GNB
0.7943518894126348,-0.14537881964734545,ET
0.7945942149093709,-0.13405159012397538,GNB
0.7946406735571997,-0.07454799095287823,ET
0.7947543670555539,-0.11312315229782277,ET
0.7949335023931023,-0.13408179139153487,GNB
0.7953421974308561,-0.0662668678747309,ET
0.7962502577185642,-0.13419793727670948,GNB
0.797518048764043,-0.1343081549897296,GNB
0.7977449416020199,-0.08346361011858061,ET
0.7979190769668378,-0.10230205441337936,ET
0.7986886079945605,-0.13440850528046022,GNB
0.8037032266939129,-0.13482275079833017,GNB
0.8037125885794949,-0.11626985767471065,ET
0.803720700057775,-0.12022354083924747,ET
0.8054171423653522,-0.1349584005784744,GNB
0.8054975655408234,-0.13496469026442914,GNB
0.8057905451543916,-0.11381799676328841,ET
0.8060065796253679,-0.05654096417942256,ET
0.8071126286405305,-0.09505185818902728,ET
0.8073972867731729,0.016275443890639618,GNB
0.8076125352262646,-0.13512764339416128,GNB
0.8108630659141578,-0.13536874602223958,GNB
0.8110036489843203,-0.13537891454639472,GNB
0.8125958482771587,-0.09288454158412351,ET
0.81266351486242,-0.13549732963177674,GNB
0.8130027579328798,-0.1355211559475633,GNB
0.8134320172104761,-0.076896975539546,ET
0.8134558659258959,-0.1357224132933692,ET
0.8136228206282283,-0.07278939814250651,ET
0.8142978572954502,-0.05490126160010389,ET
0.8160364435414602,-0.13572848481051292,GNB
0.8160988112551038,-0.06580117844959998,GNB
0.8164236954025964,-0.10067471036354114,ET
0.8170143647281665,-0.13579309266672723,GNB
0.8179663119765925,0.05811038250648204,ET
0.8184401185376897,-0.035263745160821314,ET
0.8205155031037333,-0.13008715389837178,ET
0.8210113725814658,-0.11281714019340094,ET
0.8215890630546154,-0.06689075773357178,GNB
0.822745170005055,-0.0671164693903521,GNB
0.8234488081090366,-0.1361903665025339,GNB
0.8245294031172024,-0.06746221405844466,GNB
0.825269680914279,-0.13629379563850996,GNB
0.8261105309502723,-0.0896683415483086,ET
0.8269003727869791,-0.1079073789156082,ET
0.8274612658653215,-0.04350028783121784,ET
0.8274869230713265,-0.056190202391225186,ET
0.8289692568463382,-0.07332375900636479,ET
0.8297134398376129,0.008257259581347709,GNB
0.8304473132775709,-0.1365653840423814,GNB
0.8316195214088669,-0.07466369519886074,ET
0.8321453446576382,0.0798201685210923,ET
0.8326987686746511,-0.14172217649848562,ET
0.8331934121270512,-0.06909487956035443,GNB
0.8335591304487359,-0.06997733544592333,ET
0.8336508309652397,0.03962655087543743,ET
0.8343410526383579,0.006636557258865361,GNB
0.8346219935105745,-0.13675931628844795,GNB
0.8354262697403593,-0.13679403227812292,GNB
0.836362984167782,-0.03290344944629986,ET
0.8364313760395488,-0.08155249528646902,ET
0.8369617576923299,-0.13685788998211657,GNB
0.8394014438766927,-0.13695272224591892,GNB
0.8396963161972157,0.08630544790321026,ET
0.8402090289888904,-0.03573800071633926,ET
0.8402094628301502,0.016500894318805526,ET
0.8405346264293517,0.02432599949444647,ET
0.8410483058192363,-0.1370120569860248,GNB
0.8412016170915643,-0.1370173861969025,GNB
0.8414237253305783,-0.10198020137674946,ET
0.8418977272742837,-0.13704116367711738,GNB
0.8421475373105315,-0.0706972893337634,GNB
0.842469408076537,-0.0732807168109354,ET
0.8429184097828486,-0.13707477635753573,GNB
0.8439256880281432,-0.1371064762459404,GNB
0.8448683179207138,-0.08245770181989742,ET
0.84509150074607,-0.10100141809765883,ET
0.8464727082414027,-0.0714384206670502,GNB
0.8465095714202184,-0.14543506769779035,ET
0.8465327969199662,-0.07144856015066181,GNB
0.8468662459751037,-0.13719052325593917,GNB
0.8478844176627822,-0.11493349021534294,ET
0.8479578042615041,-0.14920298109665686,ET
0.8486229281127002,-0.147762452449959,ET
0.848848669856642,-0.1372399061046523,GNB
0.8488593203298194,-0.1372401553253355,GNB
0.8491711260585197,-0.14665719346184325,ET
0.8496603129090211,-0.1464406950774464,ET
0.849729222722874,-0.08755485273022068,ET
0.8507239792249945,-0.14235655413748582,ET
0.850870314380465,-0.14341234566930505,ET
0.8510324764581768,0.04853570749922176,ET
0.8521505852343081,-0.07237693674115431,GNB
0.8525552514113417,-0.09977997648918413,ET
0.8528430259296802,0.09706774930516293,ET
0.8530136138228328,-0.029527746114336173,ET
0.8543832932143935,0.04197722481713495,ET
0.8553058798460842,-0.1373585636074437,GNB
0.8554216144909674,-0.14487266128476128,ET
0.8554504610606699,-0.12726829671353312,ET
0.8559028357744096,-0.14262056354587993,ET
0.8563816532386694,-0.13408008166117646,ET
0.8566336437272997,-0.14550346741098963,ET
0.8577074152101554,-0.018509951525630952,ET
0.858128512541231,-0.13738936919201172,GNB
0.8584387596768486,-0.14212194159815317,ET
0.8584679800369655,-0.0535259014981847,ET
0.8597245475999212,-0.07356462103610506,GNB
0.8601840875433289,-0.1011779949148005,ET
0.8607301583059599,-0.056578080508118744,ET
0.8623499301513857,-0.015944649917307707,ET
0.8633093362334399,0.05706902373873457,ET
0.8646538184187185,-0.07429572835902054,GNB
0.8651920298513059,-0.07437346733321637,GNB
0.8664689155506269,-0.10177631260186959,ET
0.8666955122992585,-0.018563118099325426,ET
0.867197045088772,-0.13739588570530015,GNB
0.8675711289834646,-0.1110293936701151,ET
0.8677740469995979,-0.15262864887012906,ET
0.8678455219817789,-0.13739069949027183,GNB
0.8680697697076114,-0.13027445394511705,ET
0.8683235688213982,-0.07851343655362153,ET
0.8683521537308181,-0.13056518146913088,ET
0.8684779025858707,-0.13738488730981335,GNB
0.8693314005148159,-0.10469421386258271,ET
0.8699213092515077,-0.13795202233081771,ET
0.8704363201171273,-0.13736210164523965,GNB
0.8709906396467455,-0.08035128403396485,ET
0.8722755628387897,-0.13030777685884432,ET
0.872537696907931,-0.06631737609817645,ET
0.8729765526172915,-0.031683483379311705,ET
0.8730281325810856,-0.03014194429307948,ET
0.8731587775709895,-0.10584104146185602,ET
0.8743214426860377,-0.0756261402801861,GNB
0.8743357639794493,-0.12077000731701504,ET
0.8743762663462229,-0.11321903737741223,ET
0.8746369006183216,-0.13927601620749785,ET
0.8754550578331932,-0.12511502140802222,ET
0.8754850412510582,-0.07577648545599835,GNB
0.875586641344714,-0.13726659442926514,GNB
0.8758812425931884,-0.13725952654015838,GNB
0.8760199177325985,-0.13725613807822956,GNB
0.8766118303374024,-0.13724123083830375,GNB
0.8766420109624069,-0.03190902915238003,ET
0.8770369438958564,-0.137230078294725,GNB
0.877660321608783,-0.13721304552492597,GNB
0.8778259239479719,-0.07607225419209118,GNB
0.8779665418278583,-0.09789814112534756,ET
0.8783679797757822,-0.13719272452190157,GNB
0.8784978598160523,-0.13718888042330313,GNB
0.8786851674638453,-0.07672478099946545,ET
0.8796942755897647,-0.12387680628919584,ET
0.8802111448250733,-0.07969238671339163,ET
0.8802308587324124,-0.13937648985672968,ET
0.8807984380757221,-0.13151066389498667,ET
0.8808280830496129,-0.05018205133474962,ET
0.8809397798227193,-0.1321286786798127,ET
0.8814250264219157,-0.10333596979866422,ET
0.8816736981371551,-0.13708365021628732,GNB
0.8819693818968193,-0.06764817681258295,ET
0.8823495299138262,-0.11556365331726381,ET
0.8824661275717702,-0.12820587901489677,ET
0.8826819478711105,-0.07665635700596685,GNB
0.8829202420262515,-0.025478008938450647,ET
0.8829270444009009,-0.07035024963444003,ET
0.8834483209738992,-0.07524122384556997,ET
0.8838305185283599,-0.09658039327508594,ET
0.8847702579485908,-0.14111392514256915,ET
0.88487043150376,0.01844126913470967,ET
0.8851670471038665,-0.12936103219877193,ET
0.8853427069962344,-0.08005987751395216,ET
0.8860170557086585,-0.12700259588611773,ET
0.8861831025228061,-0.1368959042359693,GNB
0.8862791316217277,-0.13689140050692172,GNB
0.88755542139653,-0.13682948869185174,GNB
0.887690873723842,-0.13682269221995835,GNB
0.8879124921917255,-0.1287659569273376,ET
0.8885690160810975,-0.12320627951632868,ET
0.889112052786958,-0.04542978224785221,ET
0.8891959798466158,-0.1367442182174079,GNB
0.8899041586789216,-0.14635415484417102,ET
0.8909011455972791,-0.031939389189290956,ET
0.8909678794414722,-0.06473186007504284,ET
0.8910281486956293,-0.13664126224428652,GNB
0.8913253072620241,-0.05297885964861626,ET
0.8913944680216342,-0.13661968236355093,GNB
0.8916163863849023,-0.13660644605102756,GNB
0.8920007135275516,-0.12620043921268564,ET
0.8924401551675814,-0.10470938858818835,ET
0.892472336356394,-0.11527646688274817,ET
0.8927798965489862,-0.055981851293065876,ET
0.8928991273314835,-0.07774587450185866,GNB
0.8932749341097145,-0.012406491724730073,GNB
0.893355856649229,-0.10173975073989694,ET
0.894069477336225,0.07925669541759184,ET
0.8943306669778087,-0.13643444158186402,GNB
0.8943658988369492,-0.012724598248879726,GNB
0.8945129630841859,-0.02338750308552484,ET
0.8949124246317254,-0.09703439470739317,ET
0.8949756793474994,-0.07231788013552909,ET
0.8955226979302502,-0.09319266880673638,ET
0.8956133596359207,-0.12416919936841309,ET
0.8957739243027296,-0.1128512493475311,ET
0.8958207808116934,-0.136331897201455,GNB
0.8958632136036759,-0.11526289628628539,ET
0.8961056707072816,-0.07804565473922631,GNB
0.8961734132114507,-0.07805175738045156,GNB
0.8963519970584986,-0.10531370699976372,ET
0.8964387377404796,-0.11446646144250461,ET
0.8972118066185151,-0.13623084036053656,GNB
0.8972364828971264,-0.13622900052364773,GNB
0.897282694845963,-0.13622555055967212,GNB
0.8978080412513619,0.03460279697259472,ET
0.8981011381777388,-0.10094884753222433,ET
0.8983797970517657,-0.0846690509657686,ET
0.8989643828610714,-0.10950474808390998,ET
0.8990863830700924,-0.07830488245909462,GNB
0.9002937839888676,-0.10532122432522595,ET
0.9005482253099195,-0.05885476959044578,ET
0.9010962566574598,-0.13592046268377778,GNB
0.9011317114682657,-0.13591743358136232,GNB
0.9012863580100605,-0.09915192853063715,ET
0.9020873987183291,-0.13583441380545813,GNB
0.9021126203325199,-0.1358321868540786,GNB
0.9023079688544895,-0.07962612087367948,ET
0.9023815985535413,0.028649609152353483,ET
0.9029755789840621,-0.10811964350215153,ET
0.9040499862735687,-0.1119354307733853,ET
0.9041820862463193,-0.05313620338411751,ET
0.9042497097379018,-0.1356366645460111,GNB
0.9049148138867842,-0.1355730199251446,GNB
0.9049164586219802,-0.07875455547130916,GNB
0.905191265222954,-0.08739769606351344,ET
0.9052805482112368,-0.01581747269025635,GNB
0.9053883034883752,-0.1355268889276533,GNB
0.9061137603231193,0.004715884178114971,ET
0.9061591248713755,-0.07611141360207963,ET
0.9064486299918175,-0.08820332667220043,ET
0.9065044121101424,-0.13541541075883845,GNB
0.9076943415709576,-0.009347577170976451,ET
0.9077200312384023,-0.05047653826936904,ET
0.9079253496659297,0.01463939025627814,ET
0.9083347821666289,-0.13522411348272578,GNB
0.908527319280406,-0.09934700003928354,ET
0.9085852764006208,-0.1351970999624139,GNB
0.9091177623501185,-0.07902837463647905,GNB
0.9093850493847357,-0.13510948706042347,GNB
0.9097043147583113,-0.11975779582303647,ET
0.9100677721459012,-0.06756612211760671,ET
0.9101648465435215,-0.10584073724315368,ET
0.910569698655025,-0.07911262390455154,GNB
0.9107513918126625,-0.1378627129281621,ET
0.9111540474168802,-0.13490819923992614,GNB
0.911303314447857,-0.13489073495218007,GNB
0.911492552290129,-0.13486848546452646,GNB
0.911603632663079,-0.12092624045919442,ET
0.9116880839680761,-0.13484536804620006,GNB
0.9120635480809353,0.032206427895193346,ET
0.912793016349174,-0.02044773358324825,ET
0.9131664645093616,-0.09730108587198938,ET
0.9134859636547035,-0.025668564928756465,ET
0.9138421609376675,-0.11043146714209673,ET
0.913873463918444,-0.1345780146019453,GNB
0.9155673968649907,-0.04127242221719918,ET
0.9165412309691487,-0.13422863862487855,GNB
0.9166959709107563,0.019414919835167188,ET
0.9169137909095543,-0.0794139390297578,GNB
0.9177710234706418,-0.0794458956113695,GNB
0.9181851589865617,-0.13400025744142552,GNB
0.9194114529128892,-0.13382317513555375,GNB
0.9198103046252277,-0.011034335111990368,ET
0.9199794366631574,-0.08199597797568514,ET
0.9207839272082179,-0.1336179926781509,GNB
0.9212578735983674,-0.09916402867634888,ET
0.921709513652882,-0.03939693504713937,ET
0.9217388894472622,-0.13347077282255848,GNB
0.9223967495671521,-0.11670017500775243,ET
0.9225649480881235,-0.13334041667522722,GNB
0.9225971078685223,-0.0784853941090019,ET
0.9228076464892978,-0.08623579209957277,ET
0.9231175070027113,-0.07966052234074539,ET
0.9232792072029604,-0.07959759626619733,GNB
0.9235185964777658,-0.0678474515905686,ET
0.9247029372186233,-0.13298973924700408,GNB
0.9247044728964375,-0.013014442418683991,ET
0.9248160188416041,-0.08879590006036764,ET
0.9264749248178836,-0.07964042818003014,GNB
0.9267082521596612,-0.13264281350806661,GNB
0.9269650929167992,-0.09007274279222488,ET
0.9272627021297213,-0.06893301902424853,ET
0.927317013083669,-0.03999447134951728,ET
0.9279399679368983,-0.11526870037279136,ET
0.9283570524437665,-0.07964903227619602,GNB
0.928455614267214,-0.030521334913399034,ET
0.9288636400641803,-0.13224963997574102,GNB
0.9289179638750475,-0.13223945102097168,GNB
0.9293619798480758,-0.08732419430446747,ET
0.9295204294907566,-0.07964792394689102,GNB
0.9295210528837509,-0.08549916811604097,ET
0.9295349970755004,-0.02105085272625551,ET
0.9298965760696097,-0.007814452516727743,ET
0.9301320956348513,-0.13200805546075323,GNB
0.9318570213926299,-0.13166695466929246,GNB
0.9318863441783319,-0.0796299415953069,GNB
0.9323510448804715,-0.13156652350102283,GNB
0.9324867439987818,-0.13153871968742448,GNB
0.9329261429528923,-0.07961514707081041,GNB
0.932993333157782,-0.06461073428271003,ET
0.9331815474280307,-0.1313948778517392,GNB
0.9337689283213924,-0.03255389635885719,ET
0.9337991544934123,-0.13126491398418916,GNB
0.9343097455664094,-0.024635753020701534,ET
0.9343345520910277,-0.0842566170478043,ET
0.934532835087793,-0.1218884915576286,ET
0.9349501955586819,-0.048913822857717504,ET
0.9350558406474709,-0.07243484224928687,ET
0.9355839687079017,-0.05723580668048456,ET
0.9357904428959931,-0.13083205859809377,GNB
0.9357932886809204,-0.13083142458813168,GNB
0.9357969759484148,-0.0937089207955426,ET
0.9358689213030982,-0.07954937994652034,GNB
0.935923394473077,-0.05140031999213235,ET
0.9362613652606798,-0.07953785125681267,GNB
0.9363029836725136,-0.06550333695895016,ET
0.9364394931751865,-0.13068629482993233,GNB
0.9366036001316312,-0.07952725263590033,GNB
0.9369956093556497,-0.12357491293008105,ET
0.9373035506094247,-0.07950397722948555,GNB
0.9374787412246877,-0.13044797237620265,GNB
0.9374951530036056,-0.07949722785992586,GNB
0.9379236751279678,-0.13034405271472838,GNB
0.9381751200997686,-0.07947194748107678,GNB
0.9384157707665984,-0.07946249952900919,GNB
0.9385074597829638,-0.13020595836939786,GNB
0.9385303376310312,-0.07945790886454862,GNB
0.938764826818511,-0.08832676977310217,ET
0.9387764062107444,-0.13014166583163322,GNB
0.9387825500625462,-0.029828578125631777,ET
0.9392247791758979,-0.07942879122716606,GNB
0.9393155050174873,-0.09593585537173055,ET
0.9397256389212865,-0.07940639934319393,GNB
0.9397900478830061,-0.03599944557157131,ET
0.9401557768417456,-0.05180987358653344,ET
0.9402908187405532,-0.12977155643481142,GNB
0.940406143458127,-0.12974280054660448,GNB
0.9404068753553108,-0.06519416670878642,ET
0.9404224558592347,0.0018147979518450263,ET
0.9409478585373143,-0.12960662327388017,GNB
0.9409507637547303,-0.07934661579897073,GNB
0.9410049206874185,-0.12959217244723553,GNB
0.9412919411707504,-0.006910280084908127,ET
0.9413913167522905,-0.0672824746792966,ET
0.941787973682879,-0.07930158079688754,GNB
0.9418682425557019,-0.07929708142344016,GNB
0.9421656760293251,-0.12929374388845938,GNB
0.9422893671101567,-0.043044006303837756,ET
0.9423236352119386,-0.0031698309895986654,ET
0.942370448151298,-0.12624892623020378,ET
0.9428287689212314,-0.07924073568056711,GNB
0.9431425736766545,-0.07922131384040754,GNB
0.9453793948423772,-0.1284212763456698,GNB
0.9458831008405508,-0.0326698268700385,ET
0.9459957173150144,-0.07902097508670591,GNB
0.9460163823348013,-0.0284486098011556,ET
0.9463583024860233,-0.1281413646149251,GNB
0.9465680042461755,0.038589432772866306,ET
0.9468444671350578,-0.12322993422799577,ET
0.9468666393884301,0.02174401698385864,ET
0.9470804497406822,-0.12793044041259893,GNB
0.9472748307807485,-0.07329156442897544,ET
0.9475552411207655,-0.07889258917949982,GNB
0.947705554171823,-0.059355810836434486,ET
0.9477125608330219,-0.12848194879357,ET
0.9479261711287768,-0.1276785233587201,GNB
0.9488258664369338,-0.1185305111728523,ET
0.9490860534375819,-0.11934468020444211,ET
0.9493934679769889,-0.07872309894166918,GNB
0.9495321482369697,-0.07870948763646501,GNB
0.9495373032860059,-0.10218535816597318,ET
0.9495983766326246,-0.06851632431549837,ET
0.9496345469534345,-0.12715300568092558,GNB
0.9501605761744683,-0.1269865731026678,GNB
0.9502649105619573,-0.12695329776478148,GNB
0.9504349328784719,-0.0006091681786325465,ET
0.9507196841197402,-0.04744642132522048,ET
0.9507654200098377,-0.07858319191605379,GNB
0.9509106437636763,-0.07856768915050716,GNB
0.9509374614612203,-0.07856481159220241,GNB
0.9518775405027502,-0.1078490199937262,ET
0.9523265637870442,-0.12860993839021906,ET
0.9524374781442264,0.03681779929947693,ET
0.9527382053735145,-0.12613801853899775,GNB
0.9527854311498427,-0.02448349435020747,ET
0.9528408802483047,-0.12610304436587205,GNB
0.9532764127605422,-0.07829569184136964,GNB
0.9533024743416654,-0.026665535931098994,GNB
0.9540568728045293,-0.02678217516109127,GNB
0.9541672896120423,0.03429420797429916,ET
0.9543316457940798,0.003630612618205298,ET
0.9544000816186571,-0.07815316531911043,GNB
0.9544793437636263,-0.07814277488704113,GNB
0.9547444786240855,0.007784926756036703,ET
0.9550496583399286,-0.10114478268209581,ET
0.9555871277977828,-0.1251322353334161,GNB
0.9558294353657928,-0.025696723792279608,ET
0.9559068703198377,-0.09666075225507265,ET
0.9559323555262524,-0.09567517875152787,ET
0.9560070510594951,0.0390650607445584,ET
0.9565683566086616,-0.009016064030753612,ET
0.956569731221438,-0.12476760818523847,GNB
0.9565868746113827,0.023211721927081097,ET
0.9568241640143438,-0.077814512798001,GNB
0.9569281491722197,-0.107692663339373,ET
0.9569353895136887,-0.037700144661642954,ET
0.9569729111914931,-0.12461523612832681,GNB
0.9571528134935222,-0.12454671900580816,GNB
0.9573931192419857,-0.011856500462893549,ET
0.9576057389622763,-0.07769578858807225,GNB
0.9576166224849324,-0.08928422496509925,ET
0.9576986469994135,-0.07768135441208535,GNB
0.9577103745158826,-0.12433227253806489,GNB
0.957960383296993,-0.01446439943124811,ET
0.9584507822546247,-0.07756194235946201,GNB
0.9585118097964033,-0.10860455374011935,ET
0.9586363744157469,-0.005823052044691246,ET
0.9587980800313299,-0.10663356039582172,ET
0.9596493194935355,-0.123561054566243,GNB
0.9599503284369728,-0.08302262628339618,ET
0.9601588945971257,-0.02536544983166411,ET
0.960354732457627,-0.08129655346633091,ET
0.9604208890969346,-0.05123693190391965,ET
0.9604681024027439,-0.07721836391444015,GNB
0.9605211265675784,0.03115284058829859,ET
0.9606355503594995,-0.027687819305546646,GNB
0.9608004928873523,-0.07715836946326526,GNB
0.9610974246032319,0.027770783087135875,GNB
0.9614150095314962,-0.07704483679414298,GNB
0.9617730546797433,-0.12266827316574258,GNB
0.9618355906899896,-0.07696514195521842,GNB
0.9620193172276507,-0.07692981198050475,GNB
0.9621512209013843,-0.040638726916511825,ET
0.9622901148783879,-0.008069461427578584,ET
0.9623141306539431,-0.027883310816658402,GNB
0.9624652053481915,-0.0768427461462371,GNB
0.9626144363265332,0.006020317810682352,ET
0.9626269305849642,-0.027917966201903566,GNB
0.9627428636868016,-0.044508154422612134,ET
0.9629192586239361,-0.12216412256297482,GNB
0.9630331236043284,0.018370112125856153,GNB
0.9630530113118538,-0.07907871344245998,ET
0.9630609542730866,-0.08411038209150434,ET
0.9633142731288018,-0.027992090102357814,GNB
0.9639999379708112,-0.12167362268864068,GNB
0.9641870861391445,-0.10705134117579229,ET
0.9642366375774507,0.029100068446837102,ET
0.9645196943239699,-0.07641647657088646,GNB
0.9646166838919012,-0.05602553088786033,ET
0.9646224660250808,-0.07765314416990976,ET
0.9648158035405098,-0.05113157307805871,ET
0.9650234678656162,-0.09396021897298878,ET
0.9655430702200237,-0.07618798766157542,GNB
0.9655560867294032,-0.07618500921500004,GNB
0.9656197842806207,0.023074389093585168,ET
0.9657165492790064,-0.12086251935498427,GNB
0.9661866215316146,-0.07603850350465091,GNB
0.9662976907234921,0.004123948007917377,ET
0.9666428280745448,0.02416721810109379,GNB
0.9667188825093069,0.015527419018668498,ET
0.9668219826268022,-0.07163706555937666,ET
0.9669588098294125,-0.07585301613281759,GNB
0.9673415077616097,0.023493868304914955,ET
0.9674158000611093,-0.12001839461934982,GNB
0.9676977730732055,-0.07566904992036916,GNB
0.9678195904941278,-0.04059861230610795,ET
0.967957860282906,-0.11973996872591797,GNB
0.9682596316989562,-0.12178824676041744,ET
0.9684128953279872,-0.0754847953751071,GNB
0.9684859321357928,-0.1194642869883028,GNB
0.9688454363024245,-0.07537028944958013,GNB
0.969251726980035,0.01938446064569066,ET
0.9699769044825952,0.021918621434174668,GNB
0.970131544188247,0.021710672826293242,GNB
0.9705157417928167,-0.074094618031469,ET
0.9706225740012608,-0.028585951291952627,GNB
0.9707263959404372,-0.07484417787433584,GNB
0.9707902512601264,0.0208213016089267,GNB
0.9709786186635856,-0.10868639520148404,ET
0.9714299351256448,-0.038861270493426026,ET
0.9715069895651012,-0.1177970662968224,GNB
0.9715627555399824,-0.11776476044462836,GNB
0.9718777508838627,0.01732806343490889,ET
0.9720917729456189,-0.07443176134292073,GNB
0.9721790709956997,-0.11740378635218307,GNB
0.9723287764719217,-0.05407255417626122,ET
0.9726857128039206,-0.11710152639806704,GNB
0.9728176473099793,-0.11702197853657348,GNB
0.9733068817975079,0.006977613099381275,ET
0.973515219304327,-0.11659550032144339,GNB
0.9736025604977376,-0.07394292220231569,GNB
0.9736164443028068,-0.01859695617398227,ET
0.9736997579763977,0.009965257361431279,ET
0.973728570950944,-0.07390052060095842,GNB
0.974129507943944,-0.07376387483901459,GNB
0.9742625973815026,-0.07371792527401078,GNB
0.9751087320159675,-0.07341872213578549,GNB
0.9751635008568369,0.012794352800681974,ET
0.9754143125514156,-0.07330758372289592,GNB
0.9757412167927599,-0.016527860691386564,ET
0.976013439268751,-0.07308476736672931,GNB
0.9761092694789588,-0.0730485113356718,GNB
0.9763326609749938,0.009416883107098983,ET
0.9764313553600728,0.012936607216628815,GNB
0.9764529440939396,-0.07291705778741653,GNB
0.9768395646681158,-0.027630366924165317,ET
0.9769314820429296,-0.07273022411903685,GNB
0.9769951656557359,-0.0727050208993778,GNB
0.9771121950928232,-0.07265849481021569,GNB
0.9773440415472554,0.0006525917321138497,ET
0.977483027604693,-0.1139625397993752,GNB
0.9777914607990345,-0.02322270997005116,GNB
0.9778375743554287,0.009695934669971429,ET
0.9782152890742891,-0.07220614062151165,GNB
0.9782886836514586,-0.1133797582794196,GNB
0.978295293533413,-0.08201796900150526,ET
0.9783414827137421,-0.07215275102565522,GNB
0.9786081553852314,-0.023250297006710108,GNB
0.9786710664790306,-0.03490943161099014,ET
0.9790811058195954,0.0023256680809662367,ET
0.9792372158381367,-0.11267003825921285,GNB
0.9792466806315921,-0.07175941432560606,GNB
0.9793954438149107,-0.08205723101027107,ET
0.9794625706821967,-0.023269995899726448,ET
0.9795436665964099,-0.0002906877519208706,ET
0.9796624795817648,-0.112343126598478,GNB
0.9798910398992737,-0.045343586143874126,ET
0.9800508149925352,-0.04665459618121914,ET
0.9802644893964161,-0.07916952964685975,ET
0.9804499671458557,-0.07120681524130335,GNB
0.9806918561708516,-0.028095539547840276,ET
0.9807203887407534,-0.08569622822902678,ET
0.9807779412124871,0.006453911844634064,GNB
0.9812991469431709,-0.07079485383755868,GNB
0.9813979858210959,-0.03376406256492759,ET
0.9814419951633852,-0.07072366321412804,GNB
0.9816016193454985,-0.007988400711175792,ET
0.9816020655002529,0.005174029010250214,GNB
0.9817279839347501,0.004976850218113338,GNB
0.9817828905308721,-0.11062522696642074,GNB
0.9818465326466214,-0.0705189890289829,GNB
0.9818850298761439,0.004834134899671216,GNB
0.9819297681857395,0.00465994466450137,GNB
0.9821240995334228,-0.018819879948860585,ET
0.9822008404867892,-0.013026853039096453,GNB
0.9822057098365685,0.004224695165778503,GNB
0.9827705164073619,-0.06909596486251601,ET
0.9828941856566955,0.0031289653484993796,GNB
0.9831503177119676,-0.10943121567467906,GNB
0.9831953511717583,0.0026450979335487235,GNB
0.983210076679762,-0.06979388788083685,GNB
0.9833058062635831,-0.02839309211680574,GNB
0.9837262756734159,-0.10890566476129415,GNB
0.9837548274202073,-0.1088792419462874,GNB
0.9839711418801975,0.01257794662008449,GNB
0.984049825441882,-0.02828800854189939,ET
0.984086256866034,0.01503317782059388,GNB
0.9841112413593383,-0.10854637531052946,GNB
0.9841176406618293,-0.06927872435295379,GNB
0.9842618939955252,-0.07782880172939599,ET
0.984610497431401,-0.0645596395132425,ET
0.9847665672227351,-0.10791922115209862,GNB
0.9848460111067221,-0.06884467778105807,GNB
0.9849039750693455,-0.068809304901437,GNB
0.9849705870275035,-0.10771981347547144,GNB
0.9850044759988776,-0.0687476745788771,GNB
0.9850271465589111,-0.0687337195409432,GNB
0.9851560462342981,-0.0005792081349326184,GNB
0.98526923625803,0.007790818898460561,ET
0.9854853175335763,-0.028110839067479132,GNB
0.9855842698530022,-0.0683845353280429,GNB
0.9856087105979352,-0.04069025982244279,ET
0.9856665894210086,-0.05932749076292876,ET
0.9856705484785226,-0.10701987048270922,GNB
0.985817276374969,0.003173849875878987,GNB
0.9858429885043576,-0.0017423026155383159,GNB
0.9859013095187932,-0.023742016009568934,ET
0.9859403772828879,-0.020360104201859963,GNB
0.9861218255673694,-0.04782657093423781,ET
0.9864721598393225,-0.06780194178770804,GNB
0.9864826898773922,0.002899999570309175,GNB
0.9865590306651726,-0.07178872975748352,ET
0.9865611988958711,0.0016748616122648219,ET
0.9866033288506707,-0.06771299947403786,GNB
0.9868159257520092,-0.003423199318370096,GNB
0.986831081999433,-0.0034419641457401617,ET
0.9868782770079283,-0.0035323487009215615,GNB
0.9868947764191711,-0.07359142304638278,ET
0.9871480126249272,-0.10545503006538703,GNB
0.987250407962277,-0.06726271219071389,GNB
0.9873163454925871,-0.02778591722668544,GNB
0.9874105663984138,-0.004471580884239712,GNB
0.9875318049514397,-0.10502722076138193,GNB
0.9876768012152537,-0.10486312467516923,GNB
0.9877198241393033,-0.024100788416904773,GNB
0.9877266918905159,-0.024115605814968633,GNB
0.9877756932571129,-0.06853796569598436,ET
0.9878658967488225,-0.024796203496859626,ET
0.9881236594851612,-0.005751804858947773,GNB
0.9884050874029211,-0.0357168292883443,ET
0.9884947567985084,-0.05338775535809248,ET
0.9885794444006533,-0.06627254476284183,GNB
0.9886698689454448,-0.03206028610721723,ET
0.9887352884778295,-0.06615015715301042,GNB
0.9887435504463555,-0.06614362966393972,GNB
0.9887451534094307,-0.10360942907911574,GNB
0.9888438351584681,-0.06606407988392848,GNB
0.9892714757221003,-0.06571809320827249,GNB
0.9892718856102973,-0.10296014934274944,GNB
0.9893489459130094,-0.06565420967976499,GNB
0.9893624857652735,-0.0681199947185962,ET
0.9893832516650576,-0.008081444327561194,GNB
0.989530260774846,-0.06550320132968923,GNB
0.989580379907075,-0.00845471790548602,GNB
0.9896441571958781,0.008571275216373353,GNB
0.9896503663079329,-0.06959000932796733,ET
0.9896627849721736,-0.008611503892708039,GNB
0.989722205077187,-0.06534101214735677,GNB
0.9899080123203248,-0.08009331479030235,ET
0.9901088223808284,-0.1018812207374723,GNB
0.9902780572496499,0.00811063526952327,GNB
0.9902885097143468,-0.00981705238981756,GNB
0.9904366247863796,-0.05296490329011416,ET
0.9904995467266331,-0.01088552334448012,ET
0.9907323851176336,-0.010689315147345169,GNB
0.9907488981040491,-0.022300922072635232,GNB
0.9908128110638891,-0.022285437375665684,GNB
0.9910486005412094,-0.011320005200100125,GNB
0.9910867729612944,-0.06411263118593202,GNB
0.9911037427080944,-0.031845064130020084,GNB
0.9911050323799753,-0.055933291479370206,ET
0.9912719661570726,-0.022168916447311893,GNB
0.9914922875623378,-0.09995162053840978,GNB
0.991493825289603,-0.012222011408994482,GNB
0.9915501822398267,-0.06366203303380513,GNB
0.991858973965171,-0.02649100639185764,GNB
0.9920275072350333,-0.013326500338128988,GNB
0.992152972311652,-0.09895498906132238,GNB
0.9921970449608772,-0.06300047754768645,GNB
0.9922003072613634,-0.0629970382592453,GNB
0.9922125330140857,-0.06298413965623828,GNB
0.9922293602438916,-0.06296636156511193,GNB
0.992361397929602,-0.047916208690920836,ET
0.9924693869768171,-0.0011238179481539712,ET
0.9924776577142662,-0.06270063783151691,GNB
0.9924985149601693,-0.03536638205037579,GNB
0.9925617707398373,-0.014460076553583279,GNB
0.9926698878354479,-0.014693133283164128,GNB
0.9928806875446538,0.0026113691654466864,ET
0.9929804431659923,-0.06214205643499804,GNB
0.9929872868311835,-0.06213425386550586,GNB
0.9929891274672761,-0.026013252528811592,GNB
0.993067735260233,-0.09747922962374589,GNB
0.9932335786414341,-0.06184969280620667,GNB
0.9932462798305366,-0.06183481583017125,GNB
0.9932516735309213,-0.02736970089100199,ET
0.9933939536733694,-0.025820895694473656,GNB
0.9934910461685414,-0.025772896428504777,GNB
0.9935533637866681,-0.09664379865965389,GNB
0.9938523472642986,-0.09610917005510922,GNB
0.993859219055565,-0.09609668901368462,GNB
0.9939053949324919,-0.017456247448548234,GNB
0.993927144245587,-0.09597283709286053,GNB
0.9939288329255961,-0.06100399741738061,GNB
0.9939572571002555,-0.060967986568175814,GNB
0.9940712715404157,-0.025469704255338788,GNB
0.994173447142731,-0.060690111602202945,GNB
0.9941865308381861,-0.002845981387541885,ET
0.994282632345564,-0.06054701652253125,GNB
0.9944781727927078,-0.09493404225529478,GNB
0.994491227547052,-0.060268250797620104,GNB
0.9946862552709896,-0.06000091869547708,GNB
0.9947424664936424,-0.05992261447827363,GNB
0.9947594585534569,-0.0416991188629976,GNB
0.994769863911837,-0.019519448030823283,GNB
0.9948114634476631,-0.04378660467702411,ET
0.9949347914305819,-0.09402265695565248,GNB
0.9949752694963911,-0.02002874510697128,GNB
0.9950238641846739,-0.05952174754009909,GNB
0.9950907148966213,-0.09369975562356858,GNB
0.9951148603785471,-0.05938881862829115,GNB
0.995145811999459,-0.05934322132435077,GNB
0.9952427344557644,-0.0011911461024078918,ET
0.9952861043310426,-0.05913404345724815,GNB
0.9953122624594763,-0.032729038365220564,ET
0.9954375775976623,-0.021206010706598,GNB
0.9954627367543741,-0.0588646333479661,GNB
0.9954680321165074,-0.02277407825520228,ET
0.9954739980957935,-0.04392613877720308,GNB
0.9955051677036432,0.004049026475417716,ET
0.9955215642169026,-0.04407942662153319,GNB
0.9955384829648395,-0.09273567760049661,GNB
0.9956779617275051,-0.021836799660864936,GNB
0.9957261595447843,-0.021964941875346367,GNB
0.9958471459037106,-0.05825312886016032,GNB
0.9958780487532641,-0.05820236672008061,GNB
0.99591005785243,-0.02245927066918596,GNB
0.9960203343521378,-0.024190208919107392,GNB
0.9960879407924481,-0.022945991951977218,GNB
0.9964566079723869,-0.05720221384787649,GNB
0.9965198498481462,0.0032900606520966935,GNB
0.9965214967515672,-0.0007284042887973907,GNB
0.9966928220425406,-0.02467254142241382,GNB
0.9967114869025935,-0.023601112003908353,GNB
0.9967178612805556,-0.08987421844479293,GNB
0.9967196606886926,-0.02475200843164771,GNB
0.9967972019760651,-0.056563166462192616,GNB
0.9968055487871331,-0.05654697307181522,GNB
0.996927493008078,-0.02339653137930786,GNB
0.9970739372162242,-0.05811848427402522,ET
0.9971960281421177,-0.05001679065281417,GNB
0.997283095406827,-0.05557209805384311,GNB
0.9972991107708127,-0.08823313729010585,GNB
0.9973392852936055,-0.026668526919092606,GNB
0.9974825356351139,-0.02713718496843398,GNB
0.9974941499793387,-0.022801481109173682,GNB
0.9974996037097121,-0.05509467926708911,GNB
0.997592222418881,-0.02750364158814389,GNB
0.9976254857875329,-0.08721940976247788,GNB
0.997661671349193,-0.08710215727037962,GNB
0.9976728149515703,-0.02259303378591948,GNB
0.9976854064359122,-0.0870246784723212,GNB
0.9978358031711854,-0.028343568125569818,GNB
0.9978438959315772,-0.018643598506883574,GNB
0.9978794144449675,-0.028498097214072593,GNB
0.9979352207295822,-0.05405084810554328,GNB
0.9980659636434787,-0.007290383423849911,GNB
0.9980848237130927,-0.05366179772581969,GNB
0.9982284552787597,-0.02186091468111795,GNB
0.9982461564141738,-0.05322128050666164,GNB
0.9983690605269908,-0.055186546338030995,GNB
0.9984052260650874,-0.008156092659063252,GNB
0.9985037377139581,-0.026291861750186052,ET
0.998537239030283,-0.031023402372615805,GNB
0.9985437036584872,-0.056084242698058895,GNB
0.9985803300068712,-0.0836838115583467,GNB
0.9985831421319004,-0.08367165784493535,GNB
0.9986249192453455,-0.05208275762746939,GNB
0.9986945462091426,-0.05689955780832623,GNB
0.9987099737628524,-0.008998616666959336,GNB
0.9987283345360833,-0.05174068751559213,GNB
0.9987432892141708,-0.05168990601745105,GNB
0.998782340407744,-0.010870200465469715,ET
0.9988668806836083,-0.00946376885358624,GNB
0.998894175562413,-0.021971226042479475,ET
0.9989150680560339,-0.058173069712666337,GNB
0.998925400507986,-0.014975448616507792,ET
0.9989365177017351,-0.0328065952763712,GNB
0.9991352570345394,-0.014419765011242869,ET
0.9991856931805425,-0.03407510775029521,GNB
0.9992286673769447,-0.049804278827709214,GNB
0.9992539945625944,-0.016518666736048404,GNB
0.9993028308075409,-0.07994986812941862,GNB
0.9993214307981967,-0.04937244739395652,GNB
0.9993684915975983,-0.007912956518889902,ET
0.9994180368694923,-0.03542868610192418,GNB
0.9994756761315434,-0.035801073356728996,GNB
0.9994813718563899,-0.062157993191028216,GNB
0.9994955550733751,-0.011691837373283831,GNB
0.9995067017227013,-0.03600932421995062,GNB
0.999537431416852,-0.04821948333551951,GNB
0.999554153584237,-0.04811887239585799,GNB
0.9995772608258784,-0.03650677190120999,GNB
0.9996066540917653,-0.012194450955034575,GNB
0.9996139867828933,-0.03678095723207986,GNB
0.9997466870407465,-0.018285115106311478,GNB
0.999760484099208,-0.038021747026880326,GNB
0.9997672713175785,-0.04659692769893797,GNB
0.9998011209631332,-0.013264703314920911,GNB
0.9998430753340859,-0.0660679286120569,GNB
0.9998800884813343,-0.039347292702559655,GNB
0.9998906305812647,-0.045323936692624356,GNB
0.9999155547264009,-0.0740010948991503,GNB
0.999928731769476,-0.044781777067202544,GNB
0.9999353162312048,-0.06774540034862064,GNB
0.9999527524829626,-0.04052273154643071,GNB
0.9999536297566112,-0.0032821471823609727,ET
0.9999662847714594,-0.06857422661566437,GNB
0.9999772198269677,-0.041121597867950554,GNB
0.9999780003863343,-0.006557189643278116,GNB
0.9999788191543528,-0.06901846107198906,GNB
0.9999829177424739,-0.04360855809877173,GNB
0.9999861695499198,-0.01636383871085645,GNB
0.9999956106146652,-0.04304684624828092,GNB
0.9999971745747926,-0.04199451397421661,GNB
0.9999998210174149,-0.015816819657761605,GNB
0.9999999158368869,-0.07059711299201843,GNB
