"From GNB,RF"
0.49282304068654337,0.03290096123836639,DT
0.4954059242059287,0.03195130075884661,DT
0.4982897622085186,0.030893834462940806,DT
0.4992948321333377,-0.12155551996632508,KNN
0.5007023890221134,-0.12182457189922247,KNN
0.5020289104748709,-0.12207763798336668,KNN
0.5040192732845661,-0.1224564409847192,KNN
0.5054808830938959,-0.1227339163322535,KNN
0.5055525851045071,0.028243975300745072,DT
0.5060598005932769,0.02805962978671772,DT
0.5078110622234959,0.02742385713452833,DT
0.5082287498410244,0.027272385302850144,DT
0.5087685905743017,0.051022426878634564,KNN
0.5103615816859977,-0.12365617532053885,KNN
0.510468223421024,-0.1236762519961887,KNN
0.5109243612697195,-0.12376208971228142,KNN
0.5109522170163283,0.026286288279804726,DT
0.5114327145300561,0.02611259189578663,DT
0.5114495010109268,-0.1238608399409386,KNN
0.5115277272596475,-0.12387554339543916,KNN
0.5116143633049162,-0.12389182554716888,KNN
0.5119295424019299,-0.12395104162210968,KNN
0.5119899172831284,0.025911272090010984,DT
0.5121172981670367,-0.12398630398563826,KNN
0.512135664144447,-0.12398975276085417,KNN
0.5123564430155324,0.025778906207209573,DT
0.5125428992906451,-0.12406619915983352,KNN
0.5128820687117768,-0.12412983243890707,KNN
0.5131454578525833,-0.12417922574306117,KNN
0.5133619038488764,0.0254160479806681,DT
0.5135018088497281,0.026708182594616492,DT
0.5137811366145982,-0.1242983534732715,KNN
0.5145232115886372,0.02499740375462811,DT
0.514684104875563,-0.12446737475182407,KNN
0.5147950958747527,-0.12448813450501839,KNN
0.5148924936019935,-0.12450634888542722,KNN
0.5150295386289776,-0.1245319731476251,KNN
0.5152726406184676,0.02472749954058473,DT
0.5153838145483218,-0.12459818979517417,KNN
0.5154008459588539,-0.12460137218400591,KNN
0.5162007960940619,-0.1247507529328688,KNN
0.5162017154928531,0.04815187583114522,KNN
0.5163495679477625,-0.12477851407925261,KNN
0.5164652732634784,-0.12480010056592622,KNN
0.5167323286564323,-0.12484990896655895,KNN
0.5169949256469274,-0.12489886593469002,KNN
0.5170327483465347,-0.12490591573979576,KNN
0.517191199205856,-0.12493544507656124,KNN
0.5175671564803458,-0.1250054807187015,KNN
0.5177342866056056,-0.1250366017366642,KNN
0.5182144975536247,-0.1251259763920085,KNN
0.5182816407537861,-0.12513846749799323,KNN
0.5183237145631482,-0.12514629411447825,KNN
0.5184044335280313,0.023601806674976356,DT
0.5185780071389758,-0.12519358706716888,KNN
0.5189291601539009,-0.12525886339976955,KNN
0.5189456967051486,0.023407616762720296,DT
0.5189508739717421,0.08067123731029868,DT
0.5189987188408519,0.08065119490129402,DT
0.519666810889552,-0.12539587067262375,KNN
0.5198686369618655,0.02307673812569866,DT
0.5200797552670653,0.024334282481509595,DT
0.520224954971333,-0.12549943302151412,KNN
0.5203446275755741,0.04656059693869885,KNN
0.5205825709445622,0.022821002265801194,DT
0.5210094551136724,-0.1256448429754195,KNN
0.5212709899337333,-0.12569327980264983,KNN
0.5213202010775588,-0.1257023915993153,KNN
0.5213245367923164,0.04618512337599112,KNN
0.5217917157900772,0.02371904112385459,DT
0.521834435519998,-0.12579756377802315,KNN
0.521857211552812,-0.12580177728804814,KNN
0.5219216526870032,-0.12581369792324992,KNN
0.5222262035443961,-0.1258700189029951,KNN
0.5225791677458036,-0.12593525929122584,KNN
0.5226784979298833,0.02207130151686898,DT
0.5228960988355349,0.045583669764187595,KNN
0.5232179390760806,-0.12605323484750192,KNN
0.5232247628335662,0.021876169182243332,DT
0.5237781278242624,-0.12615659898365011,KNN
0.5239615331377799,-0.12619042040823503,KNN
0.5240025723538377,0.05310232267496451,DT
0.524121128527699,0.021556212823763188,DT
0.524146415370834,0.04510579818955596,KNN
0.5242159730395402,-0.12623732491055478,KNN
0.5242586314245372,-0.12624518688102765,KNN
0.5245540908303563,-0.12629962564827524,KNN
0.5245632956802644,-0.12630132124318605,KNN
0.5246979872033724,0.04489516696454643,KNN
0.52478901130164,-0.12634289180883546,KNN
0.5248869021496825,-0.1263609159534675,KNN
0.5249269768914784,-0.12636829390230314,KNN
0.5251306599899771,-0.12640578564615806,KNN
0.5254379261986628,-0.12646232081396014,KNN
0.5257099684288455,-0.12651235185689852,KNN
0.5257972323526273,-0.1265283958839883,KNN
0.5258290300466549,-0.12653424153616177,KNN
0.5258804348404797,0.022253972534050925,DT
0.5259130520739738,0.020917468742364997,DT
0.5259245851310449,-0.1265518064874459,KNN
0.5264594986893165,0.07753569844016495,DT
0.5268374619225991,-0.12671947628626862,KNN
0.5268494435635078,0.020584152424092284,DT
0.5269839689179314,0.021859601520939576,DT
0.5271731670275837,0.02179203235361249,DT
0.5271978105848687,0.020460230190351925,DT
0.5274025289918184,-0.12682314022903157,KNN
0.5275121504674021,0.021671002443329757,DT
0.5278860734714805,0.043679876494932435,KNN
0.5279198190189748,-0.12691795665511246,KNN
0.5279587026566939,-0.12692508061813185,KNN
0.5281474957574845,-0.12695966349338372,KNN
0.5281758380863828,-0.1269648542944336,KNN
0.5283947656146133,-0.12700494211788127,KNN
0.5286877372122389,-0.12705856595507442,KNN
0.5287563930679549,-0.12707112865143394,KNN
0.5289157222105949,-0.12710027742688057,KNN
0.5290392718736069,0.043241187228405864,KNN
0.5292937930176594,-0.12716941419316402,KNN
0.5298965353573584,-0.12727954827780835,KNN
0.5303046343441494,-0.12735405549177292,KNN
0.5303726348206076,0.02065137718556731,DT
0.5303891423281213,0.019327068425465055,DT
0.5306121840545686,-0.12741017252536452,KNN
0.5308120126109539,-0.1274466191244255,KNN
0.530823413986687,0.04256343057084577,KNN
0.5309746439446614,-0.12747627255996008,KNN
0.5310217852687565,0.0756402239701327,DT
0.5311251080606414,0.042448937772471385,KNN
0.5315165564339914,0.01892764468024699,DT
0.5318134585257124,-0.1276290927194792,KNN
0.5319040043014999,0.042153499731165,KNN
0.5319123495563558,-0.12764709541354463,KNN
0.5319917246075105,-0.12766154318993578,KNN
0.5320205268764808,0.04210932126291822,KNN
0.5322640448462514,0.042017009578322106,KNN
0.5323644080167593,0.0186275726101377,DT
0.5323748305387396,-0.1277312492797123,KNN
0.5323955534898316,-0.1277350185659875,KNN
0.5330654302779674,0.0417133761676346,KNN
0.5331220725918016,-0.12786708336465868,KNN
0.533299346995741,-0.1278992838209735,KNN
0.5336436287401671,-0.1279617928346401,KNN
0.5337999659599065,-0.12799016621089637,KNN
0.5340125032491384,-0.12802872745022226,KNN
0.5340753968972471,0.019335977121355374,DT
0.5341271432877763,-0.1280495212712751,KNN
0.5341852271948939,-0.1280600552282184,KNN
0.5345389182018233,0.041155702076711154,KNN
0.5345488044658964,0.017855686850817953,DT
0.5345930213534456,0.017840080339380338,DT
0.5346204472441735,-0.1281389533439613,KNN
0.5347047217870674,0.017800658468644093,DT
0.534799848066198,0.04105702970003433,KNN
0.5353376118792953,-0.1282688386566887,KNN
0.535399473684921,-0.12828003513908592,KNN
0.5355290493789726,-0.12830348353410592,KNN
0.5356059026260551,-0.12831738872316378,KNN
0.5361221975573729,-0.12841075651537526,KNN
0.5366068984449119,-0.12849833729655918,KNN
0.5366611524975253,0.01842037999432755,DT
0.5367727322972246,-0.12852828551821938,KNN
0.536822726923873,-0.1285373124968643,KNN
0.5368385604568368,0.04028693017716001,KNN
0.5369478322587253,0.01700998110358176,DT
0.5372120293665462,0.07426666874506405,DT
0.5372266695318154,-0.12861022012028434,KNN
0.5373561513699618,0.01686625151075427,DT
0.5373809611392191,0.01685752037579491,DT
0.5373856469830088,-0.12863890037302966,KNN
0.5374063045377905,0.01815698401058663,DT
0.5376844372806082,0.016750738428934375,DT
0.537776012194016,0.016718523299159127,DT
0.5380778368254617,0.016612366338423223,DT
0.5382751289315351,0.039745192676774344,KNN
0.5383801497849339,-0.12881813863061975,KNN
0.5386326912844491,0.016417302074664963,DT
0.538667635084845,-0.12886989565921653,KNN
0.5388488485525254,-0.12890250721947838,KNN
0.5389685563623966,0.039483966793529945,KNN
0.5390715155932375,-0.1289425651183621,KNN
0.539263333715947,-0.12897706113370744,KNN
0.5393308812162735,-0.12898920600189723,KNN
0.5393849759341847,-0.12899893108777905,KNN
0.5395406922309534,-0.12902692058566245,KNN
0.5396059265231984,0.016075426596167897,DT
0.5396243926222893,-0.12904196239223986,KNN
0.5397930720333869,-0.1290722692706241,KNN
0.5400328751097433,-0.12911534003928699,KNN
0.5402929882572935,0.015834288020648457,DT
0.5403062691270242,-0.12916442253520988,KNN
0.5403882568077876,-0.12917913733531983,KNN
0.5405167421955674,-0.12920219319657517,KNN
0.5407377245266489,-0.12924183517352456,KNN
0.5409861638696805,0.015591180428644713,DT
0.5412678243962901,0.038619048993613125,KNN
0.541351905196989,-0.12935193410466228,KNN
0.5413970665416592,-0.12936002521417045,KNN
0.5414331061076887,-0.12936648161480913,KNN
0.5416224687049477,-0.1294003988927237,KNN
0.5416655326369744,0.01665536531062628,DT
0.5421087289548053,0.015197856057811099,DT
0.5422046713570969,-0.12950460966673283,KNN
0.5425614760852384,0.015039354462176524,DT
0.5426220984120335,-0.12957926222884847,KNN
0.5427766745410785,0.07196985556489166,DT
0.5428101012954821,0.014952345895357544,DT
0.5429408908256679,0.014906584142826973,DT
0.5430170194196287,0.014879950540099274,DT
0.5432625580541942,-0.12969369719339685,KNN
0.543494332415648,-0.12973507850021804,KNN
0.5436962774813832,0.04548328342864516,DT
0.5437979470343275,-0.1297892610812697,KNN
0.5438363929335317,0.014593428469621306,DT
0.5439675219650515,-0.12981951071344194,KNN
0.5440717343592902,-0.12983809622045578,KNN
0.5440888710891227,-0.12984115210634978,KNN
0.544136473808636,-0.1298496403234365,KNN
0.5441669289199836,-0.1298550705180747,KNN
0.5442187627021792,-0.12986431190150366,KNN
0.5442900699176106,-0.12987702381692368,KNN
0.5443506362963739,-0.12988781972640406,KNN
0.5444253141753973,-0.12990112943105198,KNN
0.5444350752260938,0.014384235970787307,DT
0.5449125256576928,-0.12998792171390117,KNN
0.5450685139146443,-0.13001569399453983,KNN
0.5453314328087977,-0.13006248714959073,KNN
0.5454148319193338,-0.13007732565982644,KNN
0.5454425576691816,-0.13008225819185876,KNN
0.5456313688558838,-0.13011584215426597,KNN
0.5456710074576377,-0.13012289128501242,KNN
0.5457118378619086,-0.1301301518475615,KNN
0.5457685806558383,0.06956373984469144,DT
0.5458049798005693,0.013906061888221188,DT
0.5458117453103475,-0.13014791544164928,KNN
0.5461288102901465,0.015089005931062105,DT
0.5461500962569772,0.013785706585049073,DT
0.5461890183999926,-0.13021496668866617,KNN
0.5465513866168464,-0.130279327086174,KNN
0.546701073903145,0.013593651296394116,DT
0.5468259711887581,0.01355013130051752,DT
0.5468457106529525,0.013543253687875012,DT
0.5469023469995102,0.013523521288623441,DT
0.5469045217233955,-0.13034200807415164,KNN
0.5470380049766604,0.013476262187234633,DT
0.5471926638209939,0.013422392107063752,DT
0.5475260861947253,-0.13045224002701544,KNN
0.5478521517983098,0.013192781994855851,DT
0.547940645724958,-0.13052569312722984,KNN
0.5479971069587717,-0.13053569294975853,KNN
0.5480767262797648,-0.13054979258817057,KNN
0.5481787617497857,-0.13056785894853717,KNN
0.548302536188367,-0.13058977000904792,KNN
0.5483274458966209,0.013027401895295498,DT
0.5484119790630835,-0.13060914002386736,KNN
0.5486811533715095,0.043577061093829306,DT
0.5486873936334519,0.01290221286211135,DT
0.5487049868115583,-0.13066098016519695,KNN
0.5488532431435281,-0.1306871999899808,KNN
0.5488691466256541,-0.13069001218392212,KNN
0.5489161366970003,0.012822681586432738,DT
0.549149023356891,-0.13073948941222935,KNN
0.5492393308611874,-0.13075544890337643,KNN
0.549302481090916,-0.130766607527804,KNN
0.5498541185298906,-0.13086402815806808,KNN
0.5498859146036296,0.03539438640203907,KNN
0.5499305579019707,-0.13087751997128283,KNN
0.5501943660720126,0.03527947705793866,KNN
0.5502433071341462,0.03526124795550034,KNN
0.5502445619089569,0.012361188937604073,DT
0.5502523222991249,-0.13093429224397424,KNN
0.5503239807055638,-0.13094693123049717,KNN
0.5508186235311734,0.06750057470064852,DT
0.5509613084523997,0.01211246556499046,DT
0.5509887117763903,-0.13106409784780537,KNN
0.5510605308442971,-0.13107674841471778,KNN
0.5510760648541376,-0.13107948443706807,KNN
0.5514702197928889,0.09498877791273197,DT
0.5515803076369711,-0.13116825568360724,KNN
0.55179450235772,-0.1312059399290399,KNN
0.5519367105396331,0.011774292125169561,DT
0.5520959749298934,0.011719108636193076,DT
0.5522154051765533,-0.1312799487592849,KNN
0.5522289597726455,0.03452239414165115,KNN
0.5523558250580084,-0.13130462673989568,KNN
0.5526024261461395,-0.13134795025130136,KNN
0.5530040908417503,0.012690647294775537,DT
0.5530593417848704,0.012671445031615547,DT
0.5531783376787409,-0.13144905234184356,KNN
0.5532620985348385,-0.13146374786149617,KNN
0.5533351380961838,0.011290074872525202,DT
0.5535955535925929,-0.1315222290415221,KNN
0.5539498622431203,-0.13158432855275293,KNN
0.5540130466214449,0.011055606424821174,DT
0.554060960402646,0.011039040973226055,DT
0.5541288930959303,0.06615311153715586,DT
0.5542361841344462,-0.13163448269872785,KNN
0.5544216917453364,-0.1316669634885974,KNN
0.5544874400491525,-0.13167847280423906,KNN
0.554586398785018,0.01214117346825927,DT
0.5548408142501734,-0.13174030760714234,KNN
0.5555566979402432,-0.13186545282304124,KNN
0.5555892705927353,-0.1318711430012715,KNN
0.5557603372855054,-0.13190102135917198,KNN
0.5558616995982102,-0.131918720766184,KNN
0.5558840320041631,0.010409380502901189,DT
0.55601977226014,-0.131946316061135,KNN
0.5560620052396488,-0.13195368745655167,KNN
0.5560978966367338,0.06535347287492899,DT
0.5561152354379428,0.011611157826340479,DT
0.5561263522882284,-0.13196491756320033,KNN
0.5561405308130751,0.011602395810709654,DT
0.5561537470300024,0.03306627023956876,KNN
0.5563565857785648,0.010246371016011446,DT
0.5564067316826409,0.01022907788142191,DT
0.5564383632815701,0.01021817000798586,DT
0.556450936879525,-0.13202154502319619,KNN
0.5567342896144285,0.010116140641957316,DT
0.5569624732224869,0.011317815281744359,DT
0.5572718369397603,0.03265249199200104,KNN
0.5573352910218481,0.009909028732478342,DT
0.5574028646352365,0.011165443102286843,DT
0.5574594267083741,-0.13219727043054186,KNN
0.5574610625506751,0.009865703588786356,DT
0.5575558376709118,-0.13221405243740747,KNN
0.5575766898818934,0.03253975344871973,KNN
0.5575945966949578,0.009819710918167246,DT
0.5578234974250129,-0.1322606274970422,KNN
0.5578981400966486,-0.13227361181304131,KNN
0.5581505558378365,0.01090691411711231,DT
0.5582039197139914,-0.13232678423143474,KNN
0.5584633883845046,-0.13237187978253334,KNN
0.5586739785306969,0.03213424669848053,KNN
0.5588692822630963,-0.13244238011259157,KNN
0.5591057654724204,-0.13248343054675954,KNN
0.5592098614379858,-0.13250149449500587,KNN
0.5592660971831703,-0.13251125171095174,KNN
0.5594987958311093,0.009164583590795639,DT
0.5595192090695666,0.009157567934615085,DT
0.5596396749762419,0.010392647268532396,DT
0.5596407337306655,0.0091158053793845,DT
0.559642830741867,0.010391558310820614,DT
0.5599228204705147,0.010294957369920033,DT
0.5604605757858717,-0.1327182568882061,KNN
0.5604622265021959,0.00883364108540019,DT
0.5605024670766421,0.031459513515299076,KNN
0.5606339834358595,0.03141103026852721,KNN
0.5606695468989115,-0.13275442405444543,KNN
0.5608012181238108,0.008717279154514257,DT
0.5608438281630835,0.031333684713546806,KNN
0.5609000850970745,0.009958016570366213,DT
0.5610229547614857,0.008641189475432354,DT
0.5610913532770673,0.008617722031978858,DT
0.5611258507024686,-0.13283334806061348,KNN
0.5612546731470315,-0.13285561732851148,KNN
0.5613129082520121,-0.13286568252502562,KNN
0.5614239649413614,-0.1328848741783636,KNN
0.5615013661107836,0.008477084119957623,DT
0.561627486653259,-0.13292003416999898,KNN
0.561643933622622,-0.13292287492111088,KNN
0.561939845872311,0.008326751949189748,DT
0.5621728092187952,-0.1330141759510548,KNN
0.5625184035816722,0.0081285052413691,DT
0.5626094094973181,-0.13308947800448956,KNN
0.5626333779659125,-0.13309361011819726,KNN
0.5626986454172687,-0.1331048611311894,KNN
0.5627290001495255,-0.13311009329962475,KNN
0.5627337769084829,0.030637815339636387,KNN
0.5627989584533659,0.00930435260511886,DT
0.562800413734462,0.008031918356825929,DT
0.5628368244799595,-0.13312867625341585,KNN
0.5630753508515897,-0.13316977140434683,KNN
0.5631188037995495,0.06251348261779766,DT
0.5633529297991257,-0.13321757121655065,KNN
0.5633777190230478,0.007834288226307384,DT
0.5634966644739572,0.007793585023407323,DT
0.5636492593963811,0.007741374780814603,DT
0.5637407248328321,0.0077100841661916775,DT
0.5637656197471128,-0.13328859048576602,KNN
0.5639164927671152,-0.1333145399816829,KNN
0.5639527610078113,-0.13332077683783594,KNN
0.5641509971000429,0.03011687335896296,KNN
0.5642408525449277,0.007539044824135255,DT
0.5642653290741216,0.062051387362025756,DT
0.5642662805720939,-0.13337467299278238,KNN
0.5643267449612951,0.0087794183589891,DT
0.5643525920838517,-0.13338950482195705,KNN
0.564416565309559,0.007478975035881241,DT
0.5645732950984679,-0.1334274193611807,KNN
0.5645781029035368,0.03755880956071267,DT
0.5645857568368878,0.007421145658226602,DT
0.564677865767553,0.029923397526463114,KNN
0.5647862623575464,0.008621704671876174,DT
0.5648765754825356,-0.13347949352876576,KNN
0.5649066117716159,0.0073115077315619725,DT
0.5649665308076348,0.00855985547580651,DT
0.5649826596205475,0.007285527467667419,DT
0.5649836465042664,0.007285190332487201,DT
0.5650955529226993,0.007246963710630716,DT
0.5651002156767684,-0.1335178736949444,KNN
0.5652197941595474,0.007204529135733995,DT
0.5653338038841077,-0.13355794337376642,KNN
0.5661071433730067,0.029399061484322142,KNN
0.5661489788869295,0.006887351603070635,DT
0.5663990107619811,-0.1337404388157455,KNN
0.5666712179995226,-0.13378701381812913,KNN
0.5670975569776768,-0.13385991127359537,KNN
0.5676803298557609,-0.1339594582937393,KNN
0.5678725103363533,-0.13399226091086502,KNN
0.5678938435010057,0.006292626007446622,DT
0.5680801512199256,-0.13402768850796837,KNN
0.5682499450749812,-0.1340566479229709,KNN
0.5684485671022443,0.006103794267722451,DT
0.5685377559394589,0.0060734446840413625,DT
0.568572222126966,-0.13411158771733167,KNN
0.5686280800394943,0.006042711869576722,DT
0.5692807569829561,0.0058207304506354696,DT
0.5695708905408878,-0.13428161293386737,KNN
0.5696722344672964,-0.13429884817727422,KNN
0.5698385832256627,0.028033762869326795,KNN
0.5698836543184527,-0.13433479254698988,KNN
0.569990091099061,0.027978437583731863,KNN
0.5700492112502549,-0.13436292905011538,KNN
0.5703805848961861,-0.13441921842646398,KNN
0.5704543856110841,-0.13443174966899757,KNN
0.5706470916007707,0.005356552422014382,DT
0.5706658177460948,0.00661081005301789,DT
0.5706683984426365,0.005349319585682744,DT
0.5707263089417826,-0.1344779059309022,KNN
0.5707317405619864,-0.13447882763943197,KNN
0.5709901061460106,-0.13452265897379123,KNN
0.5711085646530379,0.005199939149200472,DT
0.5717263427454127,0.027345034394885004,KNN
0.5718296972610196,0.027307365212502654,KNN
0.5722819448456796,-0.13474147824060606,KNN
0.5722831707818763,-0.134741685627925,KNN
0.5722844782660461,-0.13474190680986514,KNN
0.5723626732977861,-0.13475513369845027,KNN
0.5724644110594282,0.035801272295633346,DT
0.5727987541168493,0.00462702166142237,DT
0.5728805165131503,-0.134842675705448,KNN
0.5730033528068645,-0.13486342793148454,KNN
0.5730273679166782,0.026871147761408642,KNN
0.5735299708241094,-0.13495233761838965,KNN
0.5736172669550008,-0.13496706681049164,KNN
0.573687784698101,0.026630840257470645,KNN
0.5738737662218817,0.004263196431084637,DT
0.5741060545855619,0.005440297361000157,DT
0.5742797820782873,0.004125900138028049,DT
0.5745744307857307,0.0040263027189214595,DT
0.5747994327429989,-0.1351662733157422,KNN
0.5748454259492423,-0.13517401395289297,KNN
0.5748978490082545,0.0039170188799921846,DT
0.5749476576945115,-0.13519121691486713,KNN
0.5749575145871302,-0.13519287538586028,KNN
0.575386956067035,-0.13526509867800535,KNN
0.5755359678205697,0.05753410315406038,DT
0.5758986334024983,0.0035791052358709052,DT
0.5760030728374468,-0.13536860630253367,KNN
0.576115671777437,0.0035058731723549563,DT
0.5761185802650515,0.0035048919269289325,DT
0.5764681694433205,-0.13544665602073497,KNN
0.5765876219988126,0.003346692354122993,DT
0.5766953865324307,0.004562282615183766,DT
0.5768409150866198,-0.13550915413637304,KNN
0.5769643206982071,-0.13552983494397353,KNN
0.5770698206181395,0.056922888312403996,DT
0.5770980706169658,0.03407195543850472,DT
0.577208510375681,-0.13557074173142664,KNN
0.5772844498904386,-0.1355834589606159,KNN
0.5774109635112057,-0.13560464116783966,KNN
0.577459302615107,-0.1356127331348579,KNN
0.5774963985839372,0.004291188644360955,DT
0.5776418922415949,-0.135643291349537,KNN
0.5777195335441604,-0.13565628190850898,KNN
0.577801049638677,0.025137833028676115,KNN
0.5781689960072728,0.025004589189820403,KNN
0.5782827993631785,-0.13575046224412823,KNN
0.578310472714747,-0.1357550865068936,KNN
0.5785336037363972,0.0026912496044199097,DT
0.5786012338022264,0.0026684967345069754,DT
0.5786333943109816,-0.13580902759768354,KNN
0.5787535958564363,0.002617243825560611,DT
0.5789635502497456,0.002546632138157867,DT
0.579217067671397,0.0037096802818599173,DT
0.5793643978213017,-0.13593100120530244,KNN
0.5794492084524323,-0.13594514048318662,KNN
0.5795535786955125,-0.13596253722096274,KNN
0.5798927351149354,0.03184942119947365,DT
0.5799014932863985,0.0022313913443614553,DT
0.5799310798261008,-0.1360254285227369,KNN
0.5800254800708354,0.024333084473008304,KNN
0.5800725780982149,-0.1360489891864245,KNN
0.5801767707266672,-0.13606633367740878,KNN
0.5801961851526871,-0.13606956509315105,KNN
0.5804154295675765,0.0020588022462665334,DT
0.5808479431442894,0.0031595702922904145,DT
0.580869883647735,0.031488110236770894,DT
0.5809313644924479,-0.13619183440796567,KNN
0.58130780320138,0.0017593692618323997,DT
0.5813131178530375,0.00175758686970362,DT
0.5814045292715537,-0.13627042747594847,KNN
0.5814449023261175,-0.13627712984205198,KNN
0.5814591949257314,-0.13627950243205483,KNN
0.58151704197752,0.0029341735941919023,DT
0.5815560349576179,0.0016761306171633183,DT
0.5816559484684218,0.023744408166879727,KNN
0.5816745159006833,-0.13631523732266848,KNN
0.5818251771672693,-0.1363402315486062,KNN
0.5819661822661569,0.0027829704468902428,DT
0.5820136959541429,0.0015227272810501846,DT
0.5821455681240988,0.0014785400974310914,DT
0.582297848036353,-0.13641859440958276,KNN
0.5823618746338617,0.0014060755722391516,DT
0.5826121578949264,0.02339964057748567,KNN
0.5827393999021259,0.0012796447715994752,DT
0.5830402069944809,0.0011789459006184,DT
0.5831246393945121,0.0011506874163430547,DT
0.5832068607586354,-0.13656907630791953,KNN
0.5833401153122797,0.023137403684433178,KNN
0.5834168073636228,0.0010529237117821166,DT
0.5835802368169831,-0.1366308021996937,KNN
0.583598662088748,-0.1366338469597842,KNN
0.5837233759596222,0.002192160519634556,DT
0.5838416642108628,0.0009108193926470332,DT
0.583910558982582,-0.13668536944793974,KNN
0.5840711965178167,0.002075356783175275,DT
0.5846255750939152,0.0006488039691331382,DT
0.5846481186973771,0.000641272492851841,DT
0.5848897615163815,-0.13684690097769914,KNN
0.585251506334298,-0.13690648925257765,KNN
0.585251903704358,0.02244966784524094,KNN
0.5854322707339076,0.0003794220259164538,DT
0.585538691005686,0.0003439037109459475,DT
0.5856814337955977,0.029714236844255892,DT
0.5858562660538511,0.029649946116073522,DT
0.5858651346816262,0.08121629131931374,DT
0.5859900917005506,-0.1370280080243514,KNN
0.5860097370857122,-0.13703123761107933,KNN
0.5860453552694398,-0.13703709268215747,KNN
0.5860847277081214,-0.13704356436799947,KNN
0.5861517958347385,0.022126427961218553,KNN
0.5862634619872629,-0.13707293614880434,KNN
0.5862811577583233,-0.137075843512677,KNN
0.586318306393926,-0.1370819465625867,KNN
0.5863735460371533,-0.13709102082581787,KNN
0.586412057069479,5.257967284300058e-05,DT
0.5864859618573441,2.7941268761377813e-05,DT
0.5865075126836371,-0.13711302312056406,KNN
0.5865464215834898,7.78676529444855e-06,DT
0.5866982665128575,-0.13714434092671363,KNN
0.5867953976503415,-0.13716028284525328,KNN
0.5868751300048389,-0.13717336662178758,KNN
0.586906149445853,0.021855703459983333,KNN
0.5870448632234266,-0.13720121163372456,KNN
0.5871387617008066,0.001047252139810495,DT
0.5876551985354868,-0.1373012529975587,KNN
0.5878280348667757,-0.1373295587360872,KNN
0.5878573369999376,-0.1373343565414042,KNN
0.5879653407141294,0.0526059002446051,DT
0.5879929771743,-0.13735656166968707,KNN
0.5881697269679653,-0.1373854867924328,KNN
0.5883531822503412,-0.0005938472027362529,DT
0.5884668956091597,-0.0006316700709827483,DT
0.5886953261217045,0.0005269645042748072,DT
0.5887105416900045,-0.0007126936266473871,DT
0.588933332826018,-0.13751032203317165,KNN
0.5891037031072006,-0.0008433890277499412,DT
0.5895067843646896,-0.13760393268295734,KNN
0.5898216147840896,0.020811439329542325,KNN
0.5898287323362849,-0.0010842460591897751,DT
0.5899007547722813,-0.0011081609172122198,DT
0.5899471994568012,-0.13767574587523757,KNN
0.5899837001580804,9.703557577001032e-05,DT
0.5901566991709402,-0.13770988189499078,KNN
0.5901659443147277,-0.13771138793938287,KNN
0.5902202108201202,1.818270521281029e-05,DT
0.5903132929478124,-0.13773538702825783,KNN
0.5904717164634967,0.027956907756236826,DT
0.5904954158904974,0.05160966812195944,DT
0.5906073045503886,-0.13778325006421588,KNN
0.5906286261390972,-0.13778671985350266,KNN
0.5907403901690591,-0.001386809802428557,DT
0.5907571693173983,-0.137807634964199,KNN
0.5909804876256283,-0.13784395659503568,KNN
0.5910073982432216,-0.13784833225532084,KNN
0.5911938146031366,0.051335084885792526,DT
0.5913261381508306,0.051283080686041815,DT
0.5913605070877941,-0.0015924300272380787,DT
0.5915144382381736,-0.0016434476222477734,DT
0.5916222290497412,-0.13794823204190554,KNN
0.5916638284483277,-0.1379549862960029,KNN
0.5916910194461483,-0.137959400801482,KNN
0.5917422455641214,-0.13796771672039854,KNN
0.5917580672531753,-0.0004940060714289096,DT
0.5919032280568609,-0.0017722633339979366,DT
0.5919731857471426,-0.13800519512391501,KNN
0.5920353358460836,-0.13801527791482743,KNN
0.592110250764803,-0.1380274297116107,KNN
0.5921698909586189,-0.0018605810710781157,DT
0.5926539153308861,0.028325404730148773,DT
0.5928234953361009,-0.1381430213012097,KNN
0.5928475997186182,-0.002084909957077552,DT
0.592853495385038,0.050683285262370426,DT
0.5931737644261862,-0.13819971954498067,KNN
0.5932522035599269,0.019586844387485924,KNN
0.5934011659648495,-0.0022680123936483776,DT
0.5934667297282691,0.019510416843056655,KNN
0.5935081410842835,-0.13825380346053745,KNN
0.5941450736567592,-0.1383567112604805,KNN
0.5942734828822982,-0.1383774400566199,KNN
0.5943477960275603,-0.0025808486791980556,DT
0.5944131408108223,-0.002602430387363741,DT
0.5945703978163989,-0.1384253471684509,KNN
0.5946563293727972,-0.002682734556851085,DT
0.5950913321096883,-0.13850932149480266,KNN
0.595100904305979,-0.13851086359438325,KNN
0.5951403463120192,0.018914780225770866,KNN
0.5953441565382533,-0.13855004069241172,KNN
0.5955303645752106,-0.001746452709302737,DT
0.5955603368492975,-0.1385848394292195,KNN
0.5958348295543865,-0.1386289999520689,KNN
0.5958484728721289,-0.13863119417118086,KNN
0.5959532424009337,0.018625862610456845,KNN
0.5965149639759085,-0.003295710385449513,DT
0.5969289115500456,-0.13880474004579407,KNN
0.5970949638501146,-0.002264273397911243,DT
0.5972290874008304,-0.0035308646160776558,DT
0.5975085891513185,-0.003622847005212426,DT
0.5977408580830866,-0.13893487492735657,KNN
0.597782052848286,-0.13894147090715986,KNN
0.5977835232121809,0.017976284810240384,KNN
0.5978237853967698,-0.1389481523525682,KNN
0.5979644688210098,0.01791213664225999,KNN
0.5980903028196167,-0.1389908069421193,KNN
0.5981733319622944,-0.0038414856681180387,DT
0.5983242618276325,-0.13902822897828726,KNN
0.5983762257359413,-0.003908183997153425,DT
0.59849222830831,-0.13905508286802115,KNN
0.5985960219713983,-0.002760154894014377,DT
0.59899146984063,-0.13913483781250868,KNN
0.59918223422126,-0.0029535704921306305,DT
0.5997582324988509,-0.13925714875557293,KNN
0.5997591893399516,-0.13925730124982427,KNN
0.5997753216136552,-0.0043676713907855325,DT
0.599785487179596,-0.004371007094365664,DT
0.5998543964272222,-0.004393617720909848,DT
0.6002891673472994,0.017089124410792023,KNN
0.6002971890124004,-0.13934298939267442,KNN
0.6003864977036968,-0.003350478874605267,DT
0.6004292843168704,-0.13936401186314135,KNN
0.6005483127042163,-0.13938294917932176,KNN
0.6006045644947419,-0.13939189694271703,KNN
0.6006272671694142,0.07390551410047674,DT
0.6007740083779037,0.01691774125772383,KNN
0.6008329270717874,-0.0034974693529103984,DT
0.6011767052992307,-0.13948283776864578,KNN
0.6011897175970266,-0.004831392748404273,DT
0.6012028134661249,-0.004835682615694337,DT
0.6016552798230466,-0.004983856892191163,DT
0.6018388911414327,-0.13958793743778158,KNN
0.6019538232278984,-0.005081579582724927,DT
0.6019704470290342,-0.005087020033265444,DT
0.6023187162157768,-0.13966399025125464,KNN
0.6025315135045192,-0.13969769104757734,KNN
0.6030001170657604,-0.13977184365058082,KNN
0.6031016126369477,-0.13978789353279486,KNN
0.6031549818961509,-0.13979633145298165,KNN
0.6033115445998513,-0.004312130637780132,DT
0.6034970770038723,-0.13985039260487048,KNN
0.6035390847852757,-0.13985702801975147,KNN
0.6037403158371979,-0.13988880455068692,KNN
0.6040043139567799,-0.0057518082712779695,DT
0.6041854019478424,-0.13995903379624874,KNN
0.6042600959296521,-0.004623247685471621,DT
0.6043321172657227,-0.13998216721579665,KNN
0.604427863386903,-0.1399972596244598,KNN
0.6044341581070952,-0.13999825173558067,KNN
0.6044746614536608,-0.1400046351091741,KNN
0.6048864982039218,-0.1400695055897352,KNN
0.6049446605206146,-0.1400786618223704,KNN
0.6049657536381269,-0.14008198209863743,KNN
0.6049858197605517,0.015432798052139929,KNN
0.6056692871880242,-0.006294787704634763,DT
0.6057179778619782,-0.14020027904287508,KNN
0.6057468191275712,-0.14020481040127547,KNN
0.6057782806221951,0.04674125681278196,DT
0.6059056512489274,0.015109420431125065,KNN
0.6062234830768022,-0.006475274786321039,DT
0.6062267147721743,-0.006476326902957297,DT
0.6062808095072763,-0.005284824111218223,DT
0.6064069358180948,0.022174224402332965,DT
0.6065672611791075,-0.14033357977280714,KNN
0.6065673215945251,-0.005378494858135019,DT
0.6066304445671811,0.046409984826459416,DT
0.6068130925479057,-0.00545881963905781,DT
0.6070375648863563,-0.140407278163717,KNN
0.6070961327991036,0.014691386039078158,KNN
0.6073426403680029,-0.006839378542779384,DT
0.6074019892543203,-0.006858672882779193,DT
0.6076517553996007,-0.006939856379506559,DT
0.6081130313075345,-0.1405754883195236,KNN
0.608145505020996,-0.140580560496615,KNN
0.6081589430321861,-0.14058265930519775,KNN
0.6082757660893005,-0.0071425737167468695,DT
0.608303942900649,0.04466464240056922,DT
0.6085102214104763,0.014195557413606785,KNN
0.6087984176241427,-0.14068245470973567,KNN
0.6089217023429618,-0.14070167616116208,KNN
0.6089313127734296,-0.14070317428657908,KNN
0.6089861509519718,-0.006167978136534358,DT
0.6090989383437688,-0.14072929891119534,KNN
0.609202015786496,-0.14074535824069123,KNN
0.6093467919354735,-0.14076790722525873,KNN
0.6096856824038657,-0.14082065788618192,KNN
0.6097627004943202,-0.1408326400766815,KNN
0.6102324351742685,-0.00777720183117836,DT
0.6106619245904852,-0.14097236753781323,KNN
0.6109031671997552,-0.006791998104563102,DT
0.6116730122335373,-0.14112910101827886,KNN
0.6118976816920654,-0.14116387389022056,KNN
0.611928984194531,0.020193303469280943,DT
0.6122316346903891,-0.007223563420733603,DT
0.6124282477651756,-0.14124591303918843,KNN
0.6124856839715294,0.01999426199494947,DT
0.6125548171686436,-0.14126546762926534,KNN
0.6126023810537136,-0.1412728144818476,KNN
0.6126622776718897,-0.14128206502107415,KNN
0.6126804624871567,0.012737925654121574,KNN
0.612777895640119,-0.14129991728298963,KNN
0.6129801031086047,-0.008665765777516654,DT
0.6130493509672489,0.019792853659027942,DT
0.6132413126861461,-0.14137141959125188,KNN
0.6135896335759847,-0.14142510771827432,KNN
0.6136984095535241,-0.1414418640214501,KNN
0.6137423537482959,-0.008911725176432461,DT
0.6137864733309158,-0.14145542631785973,KNN
0.6139578379929734,0.012292822017543226,KNN
0.6143632816121128,-0.14154418230984644,KNN
0.6143853566712593,-0.1415475764868105,KNN
0.6143865827616752,0.012143570698671002,KNN
0.6147225798636687,-0.14159940270811822,KNN
0.615047554755806,-0.009332331262437377,DT
0.615068167074678,-0.00814263834731399,DT
0.6151541491610315,0.011876554335282785,KNN
0.6152010490038731,0.011860246716220102,KNN
0.6152601120511011,-0.00940076283162572,DT
0.6153721665586136,0.01180075460017771,KNN
0.6155466350707471,-0.009492978011280573,DT
0.6155971195774489,0.01172256338701494,KNN
0.6156292264423112,0.011711405038477674,KNN
0.6158119311188138,-0.009578331529521478,DT
0.6161821218686869,-0.008502677996084618,DT
0.6164447271749935,-0.009781804309326514,DT
0.6166402400774159,0.011360250227906321,KNN
0.6169964863354308,-0.008765566521298118,DT
0.6170911678000965,-0.009989495089982148,DT
0.617895067999662,-0.1420847581593297,KNN
0.6180248970362903,-0.14210453510454657,KNN
0.6183122823477251,-0.010381351409116335,DT
0.6183356392768772,-0.01038884069074475,DT
0.6184135119064491,0.01788241819144676,DT
0.6186115357674841,-0.14219381398928382,KNN
0.6189041403797575,-0.010571058520365106,DT
0.6189920143907377,-0.009408602555911694,DT
0.6194822527788177,-0.14232607124538776,KNN
0.6196456915042587,-0.010808542982463476,DT
0.6199698044360634,0.018459146084497946,DT
0.6200677230551523,0.040142404643714547,DT
0.6201601731908041,-0.010973174478602132,DT
0.620490504462664,-0.1424788378301114,KNN
0.620529380151823,-0.14248471991475897,KNN
0.6207586558009168,-0.009976516448538808,DT
0.6210229370644835,0.03977751955618858,DT
0.6210473882602983,0.01694854599583062,DT
0.621110141793784,-0.011276872484723421,DT
0.6212936620210368,-0.14260023536365074,KNN
0.6212969044475374,-0.1426007249279816,KNN
0.6213157790055693,-0.011342564105582431,DT
0.6216788290336941,0.01672507210876817,DT
0.6217156608237591,-0.011470257862644995,DT
0.6221916426128655,-0.14273565571084856,KNN
0.622262796365628,-0.011644866733957482,DT
0.6223688582870535,-0.14276234207024407,KNN
0.6224327973294669,0.06482624207740173,DT
0.6224347453196493,-0.14277226053417735,KNN
0.62245655793045,-0.1427755437588411,KNN
0.6233655958120397,-0.1429121992297815,KNN
0.6237124357574326,-0.010923175676723962,DT
0.6242881845377237,-0.012290153965396344,DT
0.6246118971933946,-0.011210726552392525,DT
0.6251110831811135,-0.14317365004514265,KNN
0.6251947209243127,-0.1431861464581239,KNN
0.6259134720514762,-0.14329341710264848,KNN
0.6262835763142339,0.008031487007459592,KNN
0.6265527944510699,0.016125304518577077,DT
0.6267042702368845,-0.14341119405381564,KNN
0.6273334862134925,-0.012078746121342077,DT
0.6273608424324789,-0.013265839628861742,DT
0.6274467192173497,-0.1435215344719335,KNN
0.6274980969824244,-0.14352916161133045,KNN
0.627511986116948,0.037308060437219126,DT
0.6278304040034186,-0.013414595679205221,DT
0.6279818566357307,-0.013462555826217137,DT
0.6284322790869903,0.014344951649370663,DT
0.6288087704649892,-0.14372336250702966,KNN
0.6289674338611735,-0.01259838812117664,DT
0.629001136615426,-0.0137850784920589,DT
0.6293613910247671,0.0069769993548304265,KNN
0.6297145743087956,-0.01283562710341124,DT
0.6300977619325587,-0.014131587407658297,DT
0.630125076807099,-0.1439176760904315,KNN
0.6304150698031581,0.013649649578499679,DT
0.630445337247451,-0.0130674387981764,DT
0.6306404351903165,0.013570721986350565,DT
0.6309582059197532,-0.014403113775306453,DT
0.6311410162284471,-0.014460762168387098,DT
0.6312167627442635,0.013368974104508324,DT
0.6313387648526902,-0.14409619679471564,KNN
0.6314251941677566,0.0062720928129249565,KNN
0.6316648167101547,-0.14414404983717888,KNN
0.6318832659660586,-0.1441760854575932,KNN
0.6320212499609852,-0.1441963104408195,KNN
0.6322168557377987,-0.14422496752899655,KNN
0.6322474106177072,0.0059917464711755075,KNN
0.6324661719554381,-0.14426146995182515,KNN
0.6325681477196199,0.005882462087874352,KNN
0.6328921226583687,-0.015012249957271906,DT
0.6329198890397548,-0.015020984159341944,DT
0.6329949752912003,-0.14433880492743933,KNN
0.6333984595629495,-0.015171472097916472,DT
0.633498675043878,-0.1444123582251723,KNN
0.6341482497730797,-0.014238609154577642,DT
0.6343914254178866,0.03470790687641068,DT
0.6350105699195494,0.005051651214811104,KNN
0.6350976767927478,-0.14464513794055017,KNN
0.6354997252636927,0.004885557435540533,KNN
0.6356471830635653,-0.015877287336026447,DT
0.6357402042829309,-0.1447383679654347,KNN
0.6357845646494119,0.05935238345189264,DT
0.6366731128908123,-0.14487341637947465,KNN
0.6369893997501149,-0.1449191172012987,KNN
0.6371373645508447,-0.14494048206931404,KNN
0.6371451351862195,0.011301571617189698,DT
0.6371472518347501,-0.016346921330752884,DT
0.6371629937715019,-0.14494418175218932,KNN
0.637358787239563,0.0042552147801511175,KNN
0.6377905760816326,-0.14503468725568813,KNN
0.6384866618160406,-0.14513487240511252,KNN
0.6392642270643488,0.0036106400560093066,KNN
0.6401168810208517,-0.14536867989996066,KNN
0.6402485810439309,-0.01731481345519137,DT
0.6403021682304485,-0.017331501111108816,DT
0.6412460828094637,0.0029418253623800794,KNN
0.6413571781866103,-0.14554578692697817,KNN
0.6414434212041833,-0.016528881224536218,DT
0.6416388311807615,-0.1455859112766763,KNN
0.6417186184646592,-0.14559727145250195,KNN
0.6425735647786017,0.00942119720411505,DT
0.6426839517989088,-0.14573449420352447,KNN
0.6427217540197414,-0.01808369564122858,DT
0.6433323114249676,-0.1458264280109044,KNN
0.6436808502374323,-0.1458757719878418,KNN
0.6439679386480701,-0.1459163757379618,KNN
0.6442324955764887,-0.145953760398158,KNN
0.6442353082829922,-0.01855293625022647,DT
0.6445284607356776,-0.017490522680983833,DT
0.6446465182663976,-0.017527240546035827,DT
0.6446532992997538,-0.14601316025721595,KNN
0.6447485822461492,-0.14602659927560446,KNN
0.64531185277032,0.0015749228976335017,KNN
0.6453465796949551,-0.1461108503953676,KNN
0.6456503572321906,-0.14615358809981183,KNN
0.6457345470471143,-0.1461654252554634,KNN
0.6457516111671582,0.0014274956138670136,KNN
0.6458468102629278,-0.1461812046216695,KNN
0.6458517114856476,-0.14618189339373416,KNN
0.6459745874900908,-0.14619915772634895,KNN
0.6460412077504908,-0.14620851518489564,KNN
0.6473759530542759,0.0008836527307765074,KNN
0.6474606806790872,0.007738819870705349,DT
0.6488142438114592,-0.019966440752147374,DT
0.6493961482599636,-0.018999409720039773,DT
0.6496749735979235,-0.019085525644246926,DT
0.6503436534439686,0.00675106945953452,DT
0.6507120733843534,-0.020549597655125096,DT
0.6514446111760398,-0.14696080756634544,KNN
0.6517909572635197,0.006256526732930423,DT
0.6520230370005669,-0.019809371143131305,DT
0.6520793815771854,-0.1470483117868221,KNN
0.6523421400717095,-0.1470844793709456,KNN
0.6535849970947869,-0.14725512245287276,KNN
0.6544024760789524,-0.0014558967193089023,KNN
0.6562753510159243,-0.14762205431010655,KNN
0.6581513840865507,-0.1478759216430262,KNN
0.6591188339822817,-0.1480061905872735,KNN
0.6591334691746683,-0.02198637677239723,DT
0.6593409538072139,-0.148036036952245,KNN
0.6596379059546547,0.0035908018533954422,DT
0.6612112812734015,-0.023746768852662914,DT
0.6613370395757165,-0.023784763432712852,DT
0.6617320056755078,-0.148355838593907,KNN
0.6617931648867894,-0.023922509423624505,DT
0.661948638475052,-0.02284202036646732,DT
0.6625414251434454,-0.14846347902351753,KNN
0.664438724653503,0.001973004032265524,DT
0.6653555239166229,-0.1488352534857511,KNN
0.6670879309459232,-0.005625292472115406,KNN
0.668806482737857,-0.006184660433595224,KNN
0.6690054662725398,0.0004434563827788729,DT
0.6702847634550244,-0.14947714534281054,KNN
0.6708753491725454,-0.14955324651300594,KNN
0.6710973328421894,-0.1495818057248005,KNN
0.6720116031803901,-0.02587091041388223,DT
0.672795449531998,-0.14979946033535085,KNN
0.6733574870805688,-0.027382877360079494,DT
0.6737891259354091,-0.14992615170030843,KNN
0.6747628420385313,-0.027799154358993272,DT
0.6752372371705903,-0.027939463480447402,DT
0.6753642935233138,0.01961627360904905,DT
0.6755533414670525,-0.15014985384032253,KNN
0.6762174735765816,0.020314771726975156,DT
0.6768191594958624,0.04295263240878189,DT
0.6779286983644268,-0.02762989615032929,DT
0.6787403409922278,0.04220104898712018,DT
0.6796105790989588,-0.15065827166612333,KNN
0.6800702148153123,-0.003223915273950717,DT
0.682001557962735,-0.029928454707491503,DT
0.682111765086856,-0.028863366559549464,DT
0.6830041315610854,-0.03022138410788222,DT
0.6833841581248851,0.04039055372778877,DT
0.6852524739311818,-0.011469672063127434,KNN
0.685368008665962,-0.004960147306867779,DT
0.6864819593370468,-0.15149975136684302,KNN
0.690305704770825,-0.15195709928984613,KNN
0.6904689094266339,-0.0066195453843660435,DT
0.6907805277860176,-0.1520133371668,KNN
0.6922754682793971,-0.007204314797671918,DT
0.6952429034190257,-0.15253578972766668,KNN
0.695255178055702,-0.03376105842226984,DT
0.6952831443002458,-0.008174441255488496,DT
0.6964997601269127,-0.15268094144634625,KNN
0.6965132241551547,0.03532019605209957,DT
0.6977508263567488,-0.015401298379155048,KNN
0.6986128866371044,-0.015669695147508156,KNN
0.6994490397554465,-0.0338844126534078,DT
0.7007834566921289,-0.15316894240551582,KNN
0.7010377714310643,-0.1531975844536273,KNN
0.702587755576647,0.009984525794366594,DT
0.7057069381536116,-0.03565952584885035,DT
0.7113393770848438,-0.1543259531406258,KNN
0.714035225301056,-0.15461074288238263,KNN
0.7152250946018965,-0.1547350217142145,KNN
0.7185882292611188,-0.040290390265778075,DT
0.7186613191658837,-0.021806492779376963,KNN
0.7194037288654461,-0.04051333352477837,DT
0.721799943380988,-0.022748439372796914,KNN
0.7218381677739241,-0.0401398187783365,DT
0.724494057634551,-0.023552795115071357,KNN
0.7252002273250711,-0.15574186511665788,KNN
0.7252254808185292,-0.15574433303907775,KNN
0.7272460026620533,-0.018207766783649992,DT
0.7282082155672238,-0.01752648899385978,DT
0.7302339850044051,0.0005564501686037282,DT
0.7344947719491327,-0.044571480280807596,DT
0.7350930634497286,-0.00106132391317737,DT
0.7358304282985706,-0.020811822146552306,DT
0.73634465952818,-0.02704390348301644,KNN
0.7440994427859202,-0.029285651667127377,KNN
0.7469451105114522,0.016552812992307153,DT
0.7500076404754605,-0.1579556700783029,KNN
0.7524773929101685,-0.03166796660696458,KNN
0.7545639348238693,-0.04877376206702888,DT
0.7551520824277225,-0.1583588542545622,KNN
0.7682487704963776,-0.03603544509041079,KNN
0.7686249979758524,-0.05227771610846821,DT
0.7701691127265549,-0.05361489680892628,DT
0.7727883855558932,-0.012305789931193134,DT
0.7830459231564206,-0.16016851147894706,KNN
0.783568163878201,-0.05678992935409721,DT
0.7878465541336348,-0.056844094588055505,DT
0.7932067466562943,0.001260844159477581,DT
0.7952300278909314,0.000582872940202428,DT
0.8004364530542727,-0.044425040203823984,KNN
0.8035538327147074,-0.03977741689253733,DT
0.8203007922640265,-0.06476261765380065,DT
0.8254007035129663,-0.06577387403843982,DT
0.8309197528894595,-0.029269789343891905,DT
0.8344810341607241,-0.012013963185215193,DT
0.834906627536076,-0.04659334395731407,DT
0.8402834979794902,-0.04781770244796624,DT
0.843161341977223,-0.04925240957908106,DT
0.8474181188678866,-0.03358455228252688,DT
0.8608783634537385,-0.01978772838070708,DT
0.8827535808956521,-0.042513797186496394,DT
0.8842923019320702,-0.05656142288891719,DT
0.8924200766476382,-0.05857174013305411,DT
0.8925114859289194,-0.07538416231822187,DT
0.9761824496210268,-0.03959925077787274,DT
0.9845090946140367,-0.04785934489535304,DT
